frame,components
0,300
1,225
2,225
3,225
4,225
5,225
6,225
7,225
8,225
9,225
10,225
11,225
12,225
13,225
14,400
15,225
16,225
17,75
18,225
19,75
20,225
21,225
22,225
23,75
24,225
25,400
26,75
27,225
28,225
29,225
30,400
31,75
32,400
33,75
34,225
35,225
36,225
37,75
38,225
39,225
40,225
41,75
42,225
43,225
44,400
45,400
46,225
47,225
48,75
49,225
50,75
51,400
52,400
53,225
54,225
55,225
56,75
57,225
58,300
59,225
60,225
61,75
62,225
63,400
64,225
65,75
66,225
67,400
68,225
69,75
70,400
71,225
72,225
73,75
74,225
75,225
76,100
77,75
78,75
79,75
80,75
81,75
82,75
83,75
84,75
85,75
86,75
87,75
88,400
89,75
90,75
91,75
92,75
93,75
94,400
95,75
96,75
97,400
98,400
99,100
100,75
101,100
102,400
103,75
104,100
105,225
106,100
107,225
108,100
109,275
110,100
111,275
112,100
113,225
114,400
115,225
116,400
117,225
118,100
119,225
120,375
121,100
122,100
123,100
124,150
125,100
126,100
127,100
128,75
129,150
130,150
131,100
132,75
133,150
134,100
135,150
136,100
137,150
138,125
139,100
140,125
141,100
142,75
143,125
144,100
145,75
146,125
147,125
148,75
149,75
150,125
151,75
152,350
153,150
154,100
155,150
156,150
157,75
158,150
159,150
160,100
161,150
162,150
163,100
164,150
165,375
166,100
167,75
168,75
169,75
170,350
171,150
172,100
173,350
174,350
175,350
176,75
177,75
178,350
179,75
180,225
181,75
182,275
183,400
184,400
185,75
186,400
187,400
188,400
189,275
190,400
191,400
192,400
193,400
194,400
195,275
196,400
197,275
198,275
199,100
200,275
201,275
202,275
203,400
204,300
205,400
206,400
207,300
208,400
209,300
210,400
211,400
212,300
213,300
214,400
215,300
216,300
217,100
218,400
219,300
220,400
221,325
222,75
223,400
224,325
225,325
226,400
227,325
228,75
229,350
230,75
231,325
232,400
233,75
234,400
235,400
236,325
237,325
238,375
239,75
240,350
241,75
242,75
243,75
244,75
245,75
246,350
247,75
248,75
249,75
250,275
251,75
252,75
253,75
254,75
255,75
256,25
257,75
258,25
259,25
260,25
261,25
262,25
263,75
264,25
265,25
266,25
267,25
268,25
269,25
270,25
271,25
272,25
273,100
274,100
275,275
276,400
277,400
278,400
279,400
280,400
281,275
282,275
283,275
284,400
285,400
286,400
287,275
288,25
289,400
290,25
291,400
292,275
293,25
294,275
295,25
296,400
297,350
298,350
299,350
300,25
301,25
302,25
303,25
304,150
305,150
306,25
307,400
308,75
309,350
310,150
311,100
312,25
313,25
314,275
315,75
316,150
317,25
318,75
319,75
320,400
321,75
322,350
323,400
324,400
325,400
326,400
327,225
328,75
329,250
330,275
331,400
332,75
333,275
334,75
335,400
336,250
337,275
338,400
339,400
340,400
341,400
342,400
343,400
344,400
345,250
346,400
347,400
348,400
349,75
350,100
351,100
352,125
353,100
354,75
355,125
356,125
357,125
358,125
359,125
360,125
361,125
362,125
363,125
364,125
365,125
366,125
367,75
368,100
369,75
370,100
371,125
372,75
373,75
374,75
375,75
376,75
377,75
378,400
379,75
380,75
381,100
382,75
383,75
384,400
385,75
386,75
387,75
388,75
389,250
390,400
391,150
392,300
393,75
394,225
395,250
396,400
397,75
398,225
399,400
400,275
401,75
402,400
403,225
404,225
405,250
406,225
407,225
408,75
409,225
410,400
411,400
412,225
413,250
414,400
415,225
416,375
417,400
418,250
419,225
420,400
421,225
422,250
423,400
424,250
425,75
426,400
427,225
428,150
429,100
430,400
431,225
432,400
433,400
434,225
435,75
436,225
437,75
438,400
439,400
440,225
441,250
442,350
443,300
444,100
445,75
446,150
447,100
448,150
449,350
450,350
451,350
452,400
453,75
454,350
455,350
456,25
457,75
458,350
459,25
460,350
461,25
462,350
463,350
464,350
465,75
466,350
467,350
468,75
469,25
470,150
471,100
472,75
473,75
474,100
475,150
476,75
477,25
478,375
479,350
480,100
481,25
482,150
483,75
484,150
485,350
486,75
487,75
488,150
489,25
490,350
491,75
492,25
493,275
494,350
495,350
496,75
497,350
498,400
499,225
500,75
501,400
502,225
503,75
504,400
505,225
506,400
507,400
508,400
509,75
510,400
511,75
512,400
513,400
514,400
515,400
516,400
517,400
518,100
519,400
520,400
521,400
522,400
523,400
524,100
525,150
526,225
527,400
528,150
529,225
530,100
531,225
532,300
533,100
534,75
535,75
536,400
537,225
538,75
539,400
540,75
541,225
542,400
543,75
544,75
545,400
546,225
547,350
548,400
549,325
550,400
551,400
552,400
553,400
554,75
555,400
556,400
557,400
558,275
559,400
560,400
561,275
562,225
563,400
564,400
565,225
566,400
567,300
568,300
569,400
570,225
571,250
572,400
573,75
574,150
575,400
576,75
577,225
578,400
579,225
580,225
581,400
582,300
583,225
584,400
585,75
586,75
587,400
588,225
589,150
590,400
591,225
592,225
593,400
594,300
595,225
596,400
597,225
598,150
599,400
600,225
601,100
602,400
603,400
604,225
605,400
606,225
607,400
608,225
609,400
610,400
611,400
612,400
613,400
614,400
615,150
616,400
617,225
618,75
619,275
620,400
621,400
622,225
623,275
624,225
625,75
626,275
627,275
628,225
629,275
630,400
631,300
632,225
633,275
634,225
635,275
636,225
637,400
638,225
639,275
640,225
641,75
642,75
643,300
644,300
645,300
646,300
647,75
648,300
649,150
650,300
651,350
652,150
653,325
654,350
655,350
656,325
657,325
658,400
659,225
660,400
661,400
662,400
663,400
664,400
665,100
666,400
667,400
668,400
669,400
670,400
671,400
672,400
673,400
674,100
675,400
676,75
677,300
678,400
679,400
680,400
681,400
682,75
683,75
684,400
685,400
686,400
687,400
688,100
689,400
690,400
691,400
692,400
693,400
694,75
695,300
696,75
697,400
698,300
699,400
700,400
701,400
702,400
703,100
704,300
705,300
706,75
707,275
708,225
709,400
710,75
711,75
712,75
713,275
714,275
715,100
716,225
717,275
718,400
719,275
720,150
721,25
722,150
723,150
724,100
725,150
726,150
727,350
728,150
729,275
730,75
731,150
732,150
733,75
734,350
735,150
736,75
737,75
738,150
739,25
740,25
741,150
742,75
743,75
744,150
745,275
746,375
747,150
748,75
749,150
750,150
751,75
752,150
753,150
754,150
755,350
756,300
757,150
758,150
759,375
760,150
761,25
762,150
763,75
764,375
765,350
766,150
767,150
768,25
769,150
770,150
771,250
772,300
773,75
774,225
775,225
776,375
777,250
778,225
779,225
780,225
781,225
782,225
783,250
784,225
785,300
786,75
787,375
788,225
789,75
790,300
791,225
792,250
793,250
794,75
795,250
796,150
797,225
798,300
799,225
800,400
801,400
802,225
803,225
804,275
805,150
806,225
807,300
808,225
809,300
810,300
811,75
812,75
813,75
814,225
815,225
816,275
817,225
818,75
819,225
820,225
821,400
822,225
823,300
824,225
825,400
826,225
827,225
828,75
829,275
830,225
831,400
832,225
833,225
834,400
835,75
836,225
837,150
838,400
839,225
840,400
841,275
842,400
843,100
844,350
845,150
846,25
847,150
848,150
849,25
850,150
851,25
852,75
853,150
854,350
855,25
856,75
857,350
858,75
859,350
860,350
861,400
862,300
863,350
864,350
865,25
866,75
867,25
868,350
869,350
870,350
871,350
872,150
873,150
874,150
875,225
876,225
877,225
878,300
879,75
880,225
881,75
882,225
883,225
884,225
885,400
886,225
887,275
888,225
889,150
890,225
891,250
892,225
893,225
894,400
895,225
896,400
897,225
898,225
899,400
900,300
901,225
902,400
903,400
904,225
905,400
906,225
907,400
908,75
909,225
910,225
911,400
912,400
913,225
914,400
915,250
916,300
917,250
918,300
919,300
920,400
921,300
922,300
923,250
924,300
925,225
926,275
927,75
928,300
929,250
930,300
931,250
932,75
933,250
934,300
935,400
936,275
937,275
938,275
939,275
940,75
941,400
942,350
943,275
944,275
945,275
946,300
947,275
948,275
949,100
950,275
951,275
952,400
953,275
954,275
955,275
956,275
957,75
958,275
959,250
960,250
961,225
962,75
963,225
964,300
965,75
966,275
967,275
968,275
969,225
970,75
971,225
972,275
973,225
974,250
975,225
976,300
977,225
978,300
979,225
980,250
981,225
982,75
983,225
984,150
985,150
986,100
987,150
988,150
989,25
990,300
991,100
992,100
993,150
994,75
995,25
996,75
997,75
998,400
999,275
1000,275
1001,275
1002,75
1003,300
1004,400
1005,75
1006,275
1007,275
1008,400
1009,75
1010,75
1011,300
1012,400
1013,275
1014,400
1015,275
1016,25
1017,75
1018,75
1019,75
1020,25
1021,75
1022,75
1023,75
1024,25
1025,75
1026,25
1027,75
1028,275
1029,75
1030,25
1031,75
1032,25
1033,75
1034,75
1035,400
1036,25
1037,300
1038,25
1039,25
1040,25
1041,300
1042,75
1043,400
1044,75
1045,25
1046,75
1047,25
1048,400
1049,25
1050,400
1051,275
1052,400
1053,75
1054,400
1055,75
1056,75
1057,75
1058,400
1059,25
1060,400
1061,75
1062,400
1063,25
1064,400
1065,250
1066,400
1067,25
1068,300
1069,400
1070,400
1071,400
1072,400
1073,400
1074,75
1075,75
1076,400
1077,400
1078,75
1079,400
1080,400
1081,400
1082,400
1083,400
1084,75
1085,400
1086,400
1087,75
1088,400
1089,400
1090,400
1091,300
1092,400
1093,400
1094,400
1095,300
1096,400
1097,225
1098,400
1099,400
1100,300
1101,300
1102,400
1103,75
1104,300
1105,400
1106,300
1107,225
1108,400
1109,225
1110,300
1111,400
1112,400
1113,225
1114,400
1115,225
1116,400
1117,400
1118,400
1119,225
1120,400
1121,225
1122,300
1123,75
1124,300
1125,225
1126,400
1127,75
1128,225
1129,400
1130,225
1131,225
1132,300
1133,225
1134,400
1135,400
1136,400
1137,225
1138,400
1139,300
1140,300
1141,275
1142,75
1143,250
1144,75
1145,275
1146,400
1147,250
1148,300
1149,300
1150,300
1151,300
1152,400
1153,275
1154,300
1155,250
1156,300
1157,300
1158,300
1159,400
1160,300
1161,300
1162,300
1163,75
1164,400
1165,275
1166,400
1167,400
1168,75
1169,300
1170,400
1171,350
1172,75
1173,350
1174,300
1175,300
1176,75
1177,300
1178,300
1179,400
1180,75
1181,300
1182,400
1183,75
1184,400
1185,400
1186,400
1187,300
1188,400
1189,75
1190,400
1191,75
1192,400
1193,75
1194,400
1195,300
1196,300
1197,75
1198,400
1199,75
1200,400
1201,400
1202,400
1203,75
1204,350
1205,125
1206,400
1207,125
1208,325
1209,400
1210,350
1211,325
1212,400
1213,150
1214,400
1215,100
1216,400
1217,400
1218,400
1219,150
1220,150
1221,75
1222,400
1223,150
1224,400
1225,400
1226,400
1227,100
1228,400
1229,150
1230,400
1231,150
1232,400
1233,400
1234,400
1235,400
1236,400
1237,400
1238,400
1239,400
1240,400
1241,400
1242,75
1243,400
1244,75
1245,400
1246,300
1247,400
1248,400
1249,400
1250,275
1251,400
1252,275
1253,400
1254,400
1255,400
1256,300
1257,400
1258,350
1259,275
1260,300
1261,400
1262,300
1263,75
1264,350
1265,400
1266,375
1267,275
1268,400
1269,400
1270,400
1271,300
1272,400
1273,400
1274,400
1275,275
1276,400
1277,75
1278,300
1279,400
1280,400
1281,75
1282,400
1283,400
1284,400
1285,400
1286,400
1287,400
1288,400
1289,400
1290,400
1291,400
1292,400
1293,400
1294,400
1295,75
1296,400
1297,75
1298,400
1299,400
1300,400
1301,400
1302,75
1303,400
1304,400
1305,400
1306,400
1307,400
1308,400
1309,400
1310,400
1311,400
1312,400
1313,75
1314,400
1315,75
1316,400
1317,400
1318,400
1319,400
1320,75
1321,400
1322,75
1323,75
1324,400
1325,400
1326,300
1327,400
1328,75
1329,400
1330,75
1331,400
1332,400
1333,400
1334,400
1335,400
1336,400
1337,400
1338,400
1339,75
1340,400
1341,400
1342,400
1343,400
1344,400
1345,75
1346,75
1347,400
1348,400
1349,400
1350,400
1351,400
1352,400
1353,400
1354,400
1355,400
1356,400
1357,400
1358,400
1359,300
1360,400
1361,400
1362,400
1363,400
1364,400
1365,400
1366,300
1367,400
1368,400
1369,400
1370,400
1371,400
1372,400
1373,75
1374,75
1375,400
1376,400
1377,300
1378,400
1379,400
1380,400
1381,300
1382,400
1383,75
1384,400
1385,400
1386,400
1387,400
1388,400
1389,400
1390,400
1391,400
1392,400
1393,400
1394,400
1395,300
1396,300
1397,400
1398,400
1399,300
1400,75
1401,300
1402,75
1403,400
1404,300
1405,75
1406,75
1407,75
1408,400
1409,75
1410,300
1411,75
1412,400
1413,75
1414,75
1415,75
1416,400
1417,75
1418,300
1419,300
1420,75
1421,75
1422,400
1423,400
1424,400
1425,300
1426,75
1427,400
1428,300
1429,75
1430,75
1431,400
1432,400
1433,75
1434,300
1435,400
1436,400
1437,400
1438,75
1439,400
1440,375
1441,100
1442,350
1443,275
1444,400
1445,275
1446,300
1447,100
1448,275
1449,275
1450,100
1451,375
1452,75
1453,275
1454,75
1455,350
1456,25
1457,275
1458,300
1459,275
1460,250
1461,300
1462,100
1463,300
1464,300
1465,75
1466,300
1467,300
1468,275
1469,300
1470,300
1471,400
1472,400
1473,300
1474,300
1475,400
1476,300
1477,400
1478,300
1479,75
1480,75
1481,300
1482,300
1483,75
1484,300
1485,375
1486,400
1487,75
1488,300
1489,400
1490,300
1491,400
1492,400
1493,300
1494,300
1495,400
1496,275
1497,300
1498,400
1499,400
1500,300
1501,75
1502,75
1503,300
1504,400
1505,300
1506,300
1507,75
1508,300
1509,75
1510,400
1511,75
1512,300
1513,100
1514,375
1515,150
1516,400
1517,300
1518,300
1519,400
1520,400
1521,400
1522,400
1523,400
1524,400
1525,400
1526,400
1527,400
1528,400
1529,400
1530,400
1531,400
1532,400
1533,400
1534,400
1535,150
1536,400
1537,400
1538,300
1539,400
1540,400
1541,400
1542,400
1543,375
1544,75
1545,75
1546,275
1547,300
1548,400
1549,300
1550,75
1551,400
1552,300
1553,300
1554,75
1555,300
1556,300
1557,75
1558,75
1559,75
1560,400
1561,75
1562,75
1563,400
1564,275
1565,300
1566,25
1567,400
1568,300
1569,25
1570,300
1571,300
1572,400
1573,400
1574,300
1575,75
1576,400
1577,400
1578,375
1579,300
1580,300
1581,400
1582,300
1583,275
1584,375
1585,300
1586,300
1587,400
1588,300
1589,275
1590,400
1591,275
1592,300
1593,75
1594,300
1595,75
1596,400
1597,275
1598,275
1599,400
1600,275
1601,400
1602,400
1603,400
1604,300
1605,400
1606,400
1607,300
1608,75
1609,400
1610,300
1611,400
1612,400
1613,400
1614,400
1615,400
1616,75
1617,75
1618,75
1619,400
1620,400
1621,400
1622,400
1623,75
1624,300
1625,400
1626,400
1627,400
1628,400
1629,400
1630,400
1631,400
1632,75
1633,400
1634,75
1635,400
1636,400
1637,400
1638,400
1639,400
1640,400
1641,400
1642,300
1643,75
1644,400
1645,400
1646,400
1647,400
1648,400
1649,75
1650,75
1651,300
1652,400
1653,400
1654,300
1655,400
1656,400
1657,400
1658,75
1659,400
1660,75
1661,400
1662,75
1663,400
1664,400
1665,100
1666,400
1667,300
1668,75
1669,75
1670,75
1671,75
1672,75
1673,400
1674,400
1675,400
1676,75
1677,100
1678,300
1679,400
1680,300
1681,400
1682,400
1683,400
1684,300
1685,400
1686,400
1687,400
1688,400
1689,400
1690,400
1691,75
1692,400
1693,400
1694,400
1695,400
1696,400
1697,400
1698,400
1699,75
1700,150
1701,75
1702,400
1703,75
1704,400
1705,400
1706,400
1707,400
1708,400
1709,400
1710,400
1711,400
1712,400
1713,400
1714,300
1715,400
1716,400
1717,400
1718,75
1719,400
1720,75
1721,75
1722,400
1723,400
1724,400
1725,400
1726,400
1727,400
1728,75
1729,75
1730,100
1731,75
1732,75
1733,400
1734,400
1735,400
1736,400
1737,400
1738,400
1739,75
1740,75
1741,300
1742,400
1743,400
1744,75
1745,400
1746,75
1747,400
1748,400
1749,75
1750,75
1751,400
1752,75
1753,400
1754,400
1755,75
1756,75
1757,400
1758,75
1759,400
1760,400
1761,75
1762,400
1763,300
1764,400
1765,75
1766,400
1767,300
1768,400
1769,400
1770,75
1771,75
1772,400
1773,75
1774,400
1775,75
1776,300
1777,75
1778,400
1779,400
1780,400
1781,400
1782,75
1783,75
1784,400
1785,400
1786,400
1787,400
1788,400
1789,275
1790,75
1791,300
1792,400
1793,75
1794,400
1795,400
1796,400
1797,300
1798,400
1799,400
1800,300
1801,375
1802,400
1803,75
1804,400
1805,400
1806,300
1807,400
1808,400
1809,375
1810,400
1811,75
1812,300
1813,400
1814,300
1815,400
1816,400
1817,275
1818,275
1819,400
1820,75
1821,275
1822,400
1823,275
1824,300
1825,400
1826,300
1827,300
1828,400
1829,275
1830,400
1831,400
1832,75
1833,300
1834,400
1835,75
1836,300
1837,400
1838,300
1839,75
1840,25
1841,400
1842,300
1843,400
1844,100
1845,275
1846,300
1847,400
1848,300
1849,400
1850,25
1851,400
1852,300
1853,300
1854,400
1855,275
1856,300
1857,400
1858,400
1859,400
1860,400
1861,400
1862,75
1863,400
1864,75
1865,300
1866,400
1867,400
1868,400
1869,300
1870,100
1871,75
1872,400
1873,100
1874,300
1875,400
1876,400
1877,150
1878,400
1879,400
1880,400
1881,300
1882,400
1883,400
1884,400
1885,400
1886,75
1887,300
1888,75
1889,400
1890,400
1891,75
1892,400
1893,75
1894,150
1895,400
1896,300
1897,400
1898,400
1899,400
1900,300
1901,400
1902,400
1903,400
1904,300
1905,75
1906,400
1907,400
1908,400
1909,400
1910,25
1911,400
1912,400
1913,400
1914,400
1915,25
1916,400
1917,400
1918,75
1919,25
1920,25
1921,400
1922,400
1923,325
1924,275
1925,350
1926,75
1927,300
1928,25
1929,300
1930,400
1931,275
1932,275
1933,25
1934,25
1935,25
1936,150
1937,25
1938,300
1939,25
1940,25
1941,25
1942,100
1943,25
1944,150
1945,75
1946,100
1947,375
1948,100
1949,25
1950,150
1951,25
1952,100
1953,275
1954,75
1955,25
1956,300
1957,25
1958,100
1959,25
1960,100
1961,25
1962,25
1963,150
1964,275
1965,100
1966,300
1967,375
1968,25
1969,275
1970,150
1971,100
1972,300
1973,25
1974,100
1975,150
1976,150
1977,25
1978,100
1979,75
1980,150
1981,25
1982,150
1983,150
1984,100
1985,225
1986,150
1987,25
1988,300
1989,150
1990,100
1991,100
1992,150
1993,25
1994,150
1995,100
1996,275
1997,325
1998,275
1999,275
2000,275
2001,275
2002,25
2003,275
2004,375
2005,75
2006,75
2007,300
2008,400
2009,400
2010,400
2011,400
2012,75
2013,400
2014,75
2015,300
2016,75
2017,400
2018,75
2019,75
2020,75
2021,400
2022,375
2023,400
2024,75
2025,75
2026,300
2027,300
2028,400
2029,75
2030,300
2031,75
2032,75
2033,350
2034,25
2035,400
2036,150
2037,400
2038,400
2039,400
2040,75
2041,400
2042,300
2043,75
2044,400
2045,300
2046,75
2047,400
2048,400
2049,400
2050,300
2051,400
2052,75
2053,400
2054,400
2055,75
2056,400
2057,400
2058,75
2059,400
2060,400
2061,400
2062,350
2063,75
2064,400
2065,400
2066,400
2067,400
2068,400
2069,400
2070,400
2071,400
2072,400
2073,400
2074,400
2075,75
2076,400
2077,400
2078,400
2079,400
2080,75
2081,400
2082,100
2083,75
2084,400
2085,100
2086,75
2087,75
2088,100
2089,300
2090,400
2091,400
2092,400
2093,75
2094,75
2095,400
2096,400
2097,75
2098,25
2099,75
2100,300
2101,400
2102,300
2103,275
2104,400
2105,275
2106,300
2107,100
2108,300
2109,275
2110,75
2111,75
2112,75
2113,400
2114,75
2115,75
2116,275
2117,300
2118,75
2119,275
2120,400
2121,300
2122,75
2123,400
2124,150
2125,75
2126,400
2127,75
2128,400
2129,75
2130,300
2131,75
2132,75
2133,75
2134,75
2135,400
2136,400
2137,300
2138,75
2139,400
2140,400
2141,75
2142,25
2143,400
2144,400
2145,400
2146,400
2147,75
2148,400
2149,400
2150,75
2151,400
2152,300
2153,75
2154,400
2155,400
2156,75
2157,400
2158,300
2159,300
2160,400
2161,300
2162,75
2163,400
2164,75
2165,400
2166,75
2167,400
2168,75
2169,400
2170,300
2171,400
2172,400
2173,400
2174,300
2175,400
2176,400
2177,300
2178,75
2179,400
2180,250
2181,75
2182,400
2183,300
2184,300
2185,400
2186,300
2187,300
2188,400
2189,25
2190,300
2191,400
2192,300
2193,300
2194,400
2195,300
2196,75
2197,400
2198,400
2199,400
2200,400
2201,400
2202,400
2203,400
2204,400
2205,400
2206,400
2207,400
2208,75
2209,400
2210,75
2211,400
2212,400
2213,300
2214,300
2215,25
2216,300
2217,300
2218,400
2219,300
2220,400
2221,350
2222,300
2223,400
2224,400
2225,75
2226,300
2227,25
2228,300
2229,400
2230,400
2231,300
2232,300
2233,400
2234,300
2235,300
2236,400
2237,300
2238,300
2239,400
2240,100
2241,225
2242,400
2243,75
2244,225
2245,75
2246,75
2247,300
2248,75
2249,75
2250,225
2251,75
2252,75
2253,225
2254,400
2255,400
2256,275
2257,75
2258,75
2259,75
2260,75
2261,75
2262,225
2263,75
2264,75
2265,275
2266,75
2267,275
2268,275
2269,275
2270,75
2271,150
2272,75
2273,150
2274,75
2275,150
2276,75
2277,150
2278,275
2279,400
2280,75
2281,275
2282,400
2284,275
2285,400
2286,300
2287,150
2288,275
2289,300
2290,400
2291,375
2292,75
2293,400
2294,300
2295,400
2296,400
2297,400
2298,300
2299,300
2300,400
2301,300
2302,75
2303,400
2304,400
2305,400
2306,25
2307,400
2308,75
2309,400
2310,400
2311,400
2312,25
2313,75
2314,400
2315,75
2316,75
2317,25
2318,150
2319,100
2320,400
2321,150
2322,75
2323,400
2324,400
2325,75
2326,400
2327,400
2328,400
2329,400
2330,300
2331,400
2332,400
2333,300
2334,400
2335,400
2336,400
2337,75
2338,75
2339,300
2340,400
2341,75
2342,75
2343,400
2344,400
2345,75
2346,300
2347,300
2348,75
2349,75
2350,375
2351,375
2352,275
2353,375
2354,375
2355,375
2356,375
2357,75
2358,75
2359,75
2360,75
2361,75
2363,75
2364,75
2365,75
2366,75
2367,75
