frameNumber,components,mse,sizeBytes,genTime,recvTime,delay_ms,receivedOnTime,effectiveError,deadline_ms,cqi,buffer_bytes,mcs_index,dl_utilization,n_active_ues
1,10,611.1,8152,0.012733677,0.015000000,2.266323,1,611.099569,5.000000,14,0,18,0.000,3
2,10,616.550,8152,0.020462400,0.022500000,2.037600,1,616.549638,5.000000,14,0,18,0.003,5
3,10,622.251,8152,0.028416417,0.030500000,2.083583,1,622.251426,5.000000,14,0,18,0.216,5
4,10,609.459,8152,0.037079238,0.039500000,2.420762,1,609.459189,5.000000,14,0,18,0.642,5
5,10,614.997,8152,0.045668446,0.048000000,2.331554,1,614.996658,5.000000,14,0,18,0.708,7
6,10,602.977,8152,0.053819877,0.056000000,2.180123,1,602.977067,5.000000,14,0,18,0.522,5
7,10,594.992,8152,0.061518727,0.064000000,2.481273,1,594.992380,5.000000,14,0,18,0.002,5
8,10,593.299,8152,0.069854224,0.072000000,2.145776,1,593.299055,5.000000,14,0,18,0.491,2
9,10,615.666,8152,0.079844366,0.082000000,2.155634,1,615.666151,5.000000,14,0,18,0.434,5
10,10,614.306,8152,0.087723693,0.090000000,2.276307,1,614.305507,5.000000,14,0,18,0.492,5
11,10,620.171,8152,0.097625131,0.100000000,2.374869,1,620.170595,5.000000,14,0,18,0.492,5
12,10,622.027,8152,0.104756396,0.113000000,8.243604,0,1016.684637,5.000000,14,0,18,0.218,4
13,10,621.504,8152,0.113959794,0.116000000,2.040206,1,621.503769,5.000000,14,0,18,0.001,3
14,10,593.990,8152,0.121197642,0.123500000,2.302358,1,593.990336,5.000000,14,0,18,0.000,1
15,10,598.137,8152,0.128699897,0.131000000,2.300103,1,598.136888,5.000000,14,0,18,0.216,4
16,10,610.558,8152,0.138454264,0.140500000,2.045736,1,610.558423,5.000000,14,0,18,0.000,3
17,10,620.996,8152,0.145837977,0.148000000,2.162023,1,620.996225,5.000000,14,0,18,0.000,3
18,10,616.921,8152,0.153849405,0.156000000,2.150595,1,616.920843,5.000000,14,0,18,0.216,6
19,10,603.322,8152,0.162828902,0.165000000,2.171098,1,603.322099,5.000000,14,0,18,0.001,6
20,10,584.640,8152,0.171163543,0.173500000,2.336457,1,584.639533,5.000000,14,0,18,0.000,3
21,10,579.789,8152,0.179035922,0.181500000,2.464078,1,579.789213,5.000000,14,0,18,0.000,7
22,10,592.844,8152,0.187471112,0.189500000,2.028888,1,592.843590,5.000000,14,0,18,0.002,3
23,10,617.551,8152,0.196390982,0.198500000,2.109018,1,617.551323,5.000000,14,0,18,0.000,5
24,10,610.482,8152,0.206395560,0.208500000,2.104440,1,610.481768,5.000000,14,0,18,0.216,7
25,10,608.040,8152,0.214785716,0.220000000,5.214284,0,1016.684637,5.000000,14,0,18,0.216,5
26,10,607.201,8152,0.222366387,0.224500000,2.133613,1,607.200653,5.000000,14,0,18,0.000,3
27,10,607.804,8152,0.229724242,0.232000000,2.275758,1,607.804296,5.000000,14,0,18,0.000,1
28,10,605.635,8152,0.237229392,0.239500000,2.270608,1,605.634728,5.000000,14,0,18,0.216,4
29,10,610.916,8152,0.246548570,0.249000000,2.451430,1,610.915601,5.000000,14,0,18,0.209,3
30,10,623.736,8152,0.254409783,0.256500000,2.090217,1,623.735866,5.000000,14,0,18,0.216,3
31,10,630.673,8152,0.264368518,0.266500000,2.131482,1,630.672654,5.000000,14,0,18,0.001,3
32,10,613.497,8152,0.274025635,0.276500000,2.474365,1,613.496968,5.000000,14,0,18,0.217,3
33,10,626.782,8152,0.281507927,0.284000000,2.492073,1,626.781895,5.000000,14,0,18,0.216,5
34,10,635.345,8152,0.288940233,0.291000000,2.059767,1,635.344660,5.000000,14,0,18,0.000,3
35,10,644.772,8152,0.298015180,0.300500000,2.484820,1,644.771628,5.000000,14,0,18,0.245,2
36,10,625.755,8152,0.306753648,0.312000000,5.246352,0,1016.684637,5.000000,14,0,18,0.001,5
37,10,628.024,8152,0.315894776,0.318000000,2.105224,1,628.023925,5.000000,14,0,18,0.002,6
38,10,619.989,8152,0.323677659,0.326000000,2.322341,1,619.988577,5.000000,14,0,18,0.000,4
39,10,622.605,8152,0.331551550,0.334000000,2.448450,1,622.605032,5.000000,14,0,18,0.000,3
40,10,627.258,8152,0.340430833,0.342500000,2.069167,1,627.257574,5.000000,14,0,18,0.000,3
41,10,628.784,8152,0.349414358,0.351500000,2.085642,1,628.783838,5.000000,14,0,18,0.000,3
42,10,617.795,8152,0.356546966,0.359000000,2.453034,1,617.794681,5.000000,14,0,18,0.002,4
43,10,631.456,8152,0.367522887,0.370000000,2.477113,1,631.456220,5.000000,14,0,18,0.245,3
44,10,622.510,8152,0.375704403,0.378000000,2.295597,1,622.510240,5.000000,14,0,18,0.001,5
45,10,616.981,8152,0.387612847,0.390000000,2.387153,1,616.981421,5.000000,14,0,18,0.216,3
46,10,594.143,8152,0.394736341,0.397000000,2.263659,1,594.142923,5.000000,14,0,18,0.212,5
47,10,594.404,8152,0.404466717,0.409500000,5.033283,0,1016.684637,5.000000,14,0,18,0.002,6
48,10,590.740,8152,0.412337982,0.414500000,2.162018,1,590.740234,5.000000,14,0,18,0.001,7
49,10,592.206,8152,0.420845594,0.423000000,2.154406,1,592.205825,5.000000,14,0,18,0.425,4
50,10,577.852,8152,0.429426237,0.431500000,2.073763,1,577.852236,5.000000,14,0,18,0.002,4
51,10,570.021,8152,0.437462075,0.439500000,2.037925,1,570.021154,5.000000,14,0,18,0.000,4
52,10,550.309,8152,0.446294761,0.448500000,2.205239,1,550.309043,5.000000,14,0,18,0.432,6
53,10,554.335,8152,0.455154908,0.457500000,2.345092,1,554.334842,5.000000,14,0,18,0.002,5
54,10,550.289,8152,0.464437209,0.466500000,2.062791,1,550.288771,5.000000,14,0,18,0.000,3
55,10,552.747,8152,0.472885568,0.475000000,2.114432,1,552.747245,5.000000,14,0,18,0.001,3
56,10,542.689,8152,0.483093007,0.485500000,2.406993,1,542.688629,5.000000,14,0,18,0.003,3
57,10,556.348,8152,0.490976292,0.493000000,2.023708,1,556.347764,5.000000,14,0,18,0.000,3
58,10,550.181,8152,0.500915696,0.506000000,5.084304,0,1016.684637,5.000000,14,0,18,0.561,6
59,10,557.092,8152,0.509346757,0.511500000,2.153243,1,557.092096,5.000000,14,0,18,0.001,6
60,10,556.442,8152,0.519039526,0.521500000,2.460474,1,556.441901,5.000000,14,0,18,0.217,4
61,10,561.034,8152,0.527389327,0.529500000,2.110673,1,561.033698,5.000000,14,0,18,0.000,4
62,10,554.184,8152,0.535954354,0.538000000,2.045646,1,554.184071,5.000000,14,0,18,0.003,5
63,10,553.544,8152,0.544414694,0.546500000,2.085306,1,553.544281,5.000000,14,0,18,0.003,4
64,10,573.440,8152,0.552070961,0.554500000,2.429039,1,573.439904,5.000000,14,0,18,0.219,6
65,10,569.693,8152,0.561807019,0.564000000,2.192981,1,569.693367,5.000000,14,0,18,0.001,3
66,10,556.308,8152,0.571087278,0.573500000,2.412722,1,556.308301,5.000000,14,0,18,0.432,5
67,10,549.237,8152,0.581231112,0.583500000,2.268888,1,549.236943,5.000000,14,0,18,0.000,1
68,10,544.830,8152,0.588511325,0.591000000,2.488675,1,544.829759,5.000000,14,0,18,0.001,3
69,10,549.307,8152,0.598979840,0.601000000,2.020160,1,549.306547,5.000000,14,0,18,0.001,4
70,10,550.775,8152,0.608904279,0.614000000,5.095721,0,1016.684637,5.000000,14,0,18,0.217,6
71,10,557.983,8152,0.618328544,0.620500000,2.171456,1,557.983122,5.000000,14,0,18,0.217,5
72,10,557.929,8152,0.625877080,0.628000000,2.122920,1,557.929084,5.000000,14,0,18,0.000,3
73,10,558.059,8152,0.635725194,0.638000000,2.274806,1,558.059145,5.000000,14,0,18,0.002,2
74,10,555.070,8152,0.643698734,0.646000000,2.301266,1,555.070336,5.000000,14,0,18,0.000,3
75,10,554.799,8152,0.651183869,0.653500000,2.316131,1,554.799426,5.000000,14,0,18,0.209,2
76,10,543.118,8152,0.659716587,0.662000000,2.283413,1,543.117976,5.000000,14,0,18,0.000,2
77,10,541.633,8152,0.667353684,0.669500000,2.146316,1,541.633257,5.000000,14,0,18,0.217,5
78,10,547.248,8152,0.676851977,0.679000000,2.148023,1,547.247967,5.000000,14,0,18,0.002,6
79,10,559.294,8152,0.684667404,0.687000000,2.332596,1,559.294393,5.000000,14,0,18,0.707,5
80,10,540.124,8152,0.692496537,0.695000000,2.503463,1,540.124433,5.000000,14,0,18,0.276,6
81,10,528.877,8152,0.700101542,0.702500000,2.398458,1,528.876596,5.000000,14,0,18,0.432,3
82,10,504.035,8152,0.708048352,0.710500000,2.451648,1,504.035198,5.000000,14,0,18,0.562,8
83,10,513.973,8152,0.716143027,0.718500000,2.356973,1,513.973424,5.000000,14,0,18,0.002,6
84,10,507.892,8152,0.724699120,0.727000000,2.300880,1,507.891775,5.000000,14,0,18,0.216,5
85,10,516.734,8152,0.733785980,0.736000000,2.214020,1,516.733918,5.000000,14,0,18,0.460,7
86,10,519.296,8152,0.744608341,0.747000000,2.391659,1,519.296155,5.000000,14,0,18,0.674,6
87,10,524.699,8152,0.752347998,0.754500000,2.152002,1,524.699303,5.000000,14,0,18,0.000,3
88,10,526.923,8152,0.761740463,0.764000000,2.259537,1,526.923148,5.000000,14,0,18,0.047,4
89,10,524.519,8152,0.770873309,0.773000000,2.126691,1,524.518612,5.000000,14,0,18,0.517,6
90,10,524.818,8152,0.779601298,0.782000000,2.398702,1,524.817561,5.000000,14,0,18,0.127,4
91,10,531.084,8152,0.788538645,0.791000000,2.461355,1,531.083957,5.000000,14,0,18,0.000,3
92,10,520.998,8152,0.798751208,0.801000000,2.248792,1,520.997685,5.000000,14,0,18,0.000,4
93,10,516.398,8152,0.807522212,0.810000000,2.477788,1,516.398265,5.000000,14,0,18,0.218,5
94,10,500.867,8152,0.814796179,0.817000000,2.203821,1,500.866863,5.000000,14,0,18,0.001,5
95,10,508.573,8152,0.824847804,0.827000000,2.152196,1,508.572686,5.000000,14,0,18,0.437,5
96,10,493.634,8152,0.834222240,0.836500000,2.277760,1,493.633878,5.000000,14,0,18,0.000,5
97,10,496.989,8152,0.843626232,0.846000000,2.373768,1,496.988525,5.000000,14,0,18,0.560,4
98,10,475.789,8152,0.851434149,0.853500000,2.065851,1,475.789436,5.000000,14,0,18,0.000,3
99,10,479.485,8152,0.860931033,0.863000000,2.068967,1,479.484532,5.000000,14,0,18,0.275,4
100,10,490.987,8152,0.870719942,0.873000000,2.280058,1,490.986557,5.000000,14,0,18,0.002,3
101,10,510.340,8152,0.878514133,0.881000000,2.485867,1,510.339531,5.000000,14,0,18,0.000,4
102,10,511.562,8152,0.887463677,0.889500000,2.036323,1,511.562017,5.000000,14,0,18,0.897,5
103,10,525.048,8152,0.896926820,0.899000000,2.073180,1,525.048287,5.000000,14,0,18,0.491,3
104,10,518.495,8152,0.904971355,0.907000000,2.028645,1,518.495149,5.000000,14,0,18,0.303,7
105,10,504.348,8152,0.914063646,0.916500000,2.436354,1,504.348328,5.000000,14,0,18,0.000,3
106,10,483.215,8152,0.921762888,0.924000000,2.237112,1,483.215153,5.000000,14,0,18,0.000,5
107,10,484.361,8152,0.931299715,0.933500000,2.200285,1,484.360722,5.000000,14,0,18,0.001,4
108,10,474.634,8152,0.939987242,0.942500000,2.512758,1,474.634140,5.000000,14,0,18,0.002,5
109,10,451.836,8152,0.947603521,0.950000000,2.396479,1,451.835955,5.000000,14,0,18,0.216,5
110,10,429.208,8152,0.955594969,0.958000000,2.405031,1,429.207786,5.000000,14,0,18,0.217,4
111,10,425.443,8152,0.964294324,0.966500000,2.205676,1,425.442526,5.000000,14,0,18,0.001,5
112,10,440.961,8152,0.974250313,0.976500000,2.249687,1,440.961161,5.000000,14,0,18,0.275,6
113,10,426.580,8152,0.983020060,0.985500000,2.479940,1,426.579863,5.000000,14,0,18,0.217,4
114,10,420.899,8152,0.990480912,0.992500000,2.019088,1,420.898919,5.000000,14,0,18,0.219,4
115,10,410.245,8152,0.997962225,1.000000000,2.037775,1,410.244719,5.000000,14,0,18,0.000,4
116,10,409.657,8152,1.005732303,1.008000000,2.267697,1,409.657492,5.000000,14,0,18,0.001,5
117,10,411.383,8152,1.016694780,1.019000000,2.305220,1,411.383433,5.000000,14,0,18,0.217,5
118,10,407.168,8152,1.025366988,1.027500000,2.133012,1,407.167596,5.000000,14,0,18,0.001,4
119,10,417.632,8152,1.033724660,1.036000000,2.275340,1,417.632421,5.000000,14,0,18,0.000,3
120,10,421.485,8152,1.040961066,1.043000000,2.038934,1,421.484771,5.000000,14,0,18,0.001,3
121,10,437.417,8152,1.048306868,1.050500000,2.193132,1,437.417182,5.000000,14,0,18,0.245,3
122,10,440.885,8152,1.056104297,1.058500000,2.395703,1,440.884677,5.000000,14,0,18,0.002,5
123,10,452.273,8152,1.067240648,1.069500000,2.259352,1,452.273339,5.000000,14,0,18,0.210,4
124,10,452.986,8152,1.078838623,1.081000000,2.161377,1,452.986147,5.000000,14,0,18,0.217,3
125,10,451.765,8152,1.088701050,1.091000000,2.298950,1,451.765251,5.000000,14,0,18,0.000,4
126,10,458.433,8152,1.096258214,1.098500000,2.241786,1,458.433202,5.000000,14,0,18,0.432,6
127,10,459.018,8152,1.105582743,1.108000000,2.417257,1,459.018477,5.000000,14,0,18,0.678,6
128,10,458.099,8152,1.113310329,1.115500000,2.189671,1,458.099088,5.000000,14,0,18,0.459,5
129,10,468.560,8152,1.123969707,1.126000000,2.030293,1,468.559540,5.000000,14,0,18,0.216,4
130,10,484.301,8152,1.132554363,1.135000000,2.445637,1,484.300981,5.000000,14,0,18,0.000,5
131,10,506.945,8152,1.143376316,1.145500000,2.123684,1,506.945038,5.000000,14,0,18,0.435,4
132,10,500.470,8152,1.152376613,1.154500000,2.123387,1,500.470268,5.000000,14,0,18,0.000,4
133,10,497.080,8152,1.160035770,1.162500000,2.464230,1,497.079934,5.000000,14,0,18,0.218,4
134,10,501.058,8152,1.168680321,1.171000000,2.319679,1,501.058170,5.000000,14,0,18,0.000,2
135,10,500.462,8152,1.177673616,1.180000000,2.326384,1,500.462369,5.000000,14,0,18,0.218,7
136,10,483.520,8152,1.185845707,1.188000000,2.154293,1,483.520216,5.000000,14,0,18,0.218,6
137,10,473.871,8152,1.192974848,1.195000000,2.025152,1,473.871204,5.000000,14,0,18,0.001,3
138,10,461.536,8152,1.202423052,1.204500000,2.076948,1,461.535841,5.000000,14,0,18,0.217,5
139,10,464.712,8152,1.210500343,1.213000000,2.499657,1,464.712300,5.000000,14,0,18,0.218,10
140,10,450.061,8152,1.219375256,1.221500000,2.124744,1,450.060833,5.000000,14,0,18,0.209,4
141,10,450.185,8152,1.227962588,1.230000000,2.037412,1,450.184662,5.000000,14,0,18,0.001,6
142,10,437.836,8152,1.237702844,1.240000000,2.297156,1,437.836492,5.000000,14,0,18,0.217,5
143,10,436.108,8152,1.247624600,1.250000000,2.375400,1,436.108483,5.000000,14,0,18,0.002,4
144,10,427.129,8152,1.255963876,1.258000000,2.036124,1,427.128904,5.000000,14,0,18,0.433,5
145,10,404.430,8152,1.265542453,1.268000000,2.457547,1,404.430453,5.000000,14,0,18,0.462,6
146,10,398.251,8152,1.273293163,1.275500000,2.206837,1,398.251399,5.000000,14,0,18,0.218,5
147,10,409.292,8152,1.281300682,1.283500000,2.199318,1,409.292380,5.000000,14,0,18,0.562,5
148,10,405.894,8152,1.288414280,1.290500000,2.085720,1,405.893546,5.000000,14,0,18,0.616,5
149,10,417.323,8152,1.297031195,1.299500000,2.468805,1,417.323413,5.000000,14,0,18,0.001,3
150,10,430.914,8152,1.306561883,1.309000000,2.438117,1,430.913905,5.000000,14,0,18,0.218,5
151,10,457.908,8152,1.314781654,1.317000000,2.218346,1,457.908173,5.000000,14,0,18,0.000,2
152,10,457.604,8152,1.323857446,1.326000000,2.142554,1,457.604444,5.000000,14,0,18,0.001,3
153,10,468.934,8152,1.332430198,1.334500000,2.069802,1,468.933654,5.000000,14,0,18,0.001,2
154,10,480.787,8152,1.341750050,1.344000000,2.249950,1,480.786764,5.000000,14,0,18,0.275,5
155,10,496.297,8152,1.349053452,1.351500000,2.446548,1,496.296554,5.000000,14,0,18,0.674,5
156,10,503.461,8152,1.356436995,1.358500000,2.063005,1,503.461327,5.000000,14,0,18,0.001,3
157,10,516.235,8152,1.366407272,1.368500000,2.092728,1,516.234628,5.000000,14,0,18,0.275,4
158,10,536.499,8152,1.374823515,1.377000000,2.176485,1,536.499176,5.000000,14,0,18,0.218,4
159,10,529.485,8152,1.382903765,1.385000000,2.096235,1,529.484987,5.000000,14,0,18,0.216,3
160,10,525.113,8152,1.392314830,1.394500000,2.185170,1,525.113096,5.000000,14,0,18,0.216,4
161,10,521.398,8152,1.399798582,1.402000000,2.201418,1,521.397649,5.000000,14,0,18,0.216,3
162,10,525.746,8152,1.410441714,1.412500000,2.058286,1,525.746215,5.000000,14,0,18,0.493,8
163,10,503.332,8152,1.417655311,1.420000000,2.344689,1,503.331606,5.000000,14,0,18,0.002,7
164,10,510.095,8152,1.425525085,1.428000000,2.474915,1,510.095160,5.000000,14,0,18,0.218,7
165,10,497.012,8152,1.438795068,1.441000000,2.204932,1,497.012192,5.000000,14,0,18,0.001,1
166,10,497.014,8152,1.447217992,1.449500000,2.282008,1,497.014354,5.000000,14,0,18,0.000,3
167,10,494.102,8152,1.454887979,1.457000000,2.112021,1,494.102011,5.000000,14,0,18,0.001,2
168,10,505.869,8152,1.462655589,1.465000000,2.344411,1,505.869135,5.000000,14,0,18,0.000,2
169,10,514.095,8152,1.471119255,1.473500000,2.380745,1,514.094605,5.000000,14,0,18,0.674,2
170,10,528.528,8152,1.478913050,1.481000000,2.086950,1,528.527701,5.000000,14,0,18,0.458,4
171,10,514.330,8152,1.486744276,1.489000000,2.255724,1,514.330234,5.000000,14,0,18,0.216,3
172,10,514.141,8152,1.496265149,1.498500000,2.234851,1,514.140624,5.000000,14,0,18,0.216,5
173,10,530.531,8152,1.505585087,1.508000000,2.414913,1,530.531376,5.000000,14,0,18,0.001,6
174,10,542.521,8152,1.513062231,1.518500000,5.437769,0,1016.684637,5.000000,14,0,18,0.000,2
175,10,544.260,8152,1.521821059,1.524000000,2.178941,1,544.259766,5.000000,14,0,18,0.001,4
176,10,561.011,8152,1.532131296,1.534500000,2.368704,1,561.011073,5.000000,14,0,18,0.217,4
177,10,595.472,8152,1.541151992,1.543500000,2.348008,1,595.471863,5.000000,14,0,18,0.001,5
178,10,597.163,8152,1.548653028,1.551000000,2.346972,1,597.163437,5.000000,14,0,18,0.000,4
179,10,590.437,8152,1.555855683,1.558000000,2.144317,1,590.437480,5.000000,14,0,18,0.002,4
180,10,577.957,8152,1.563188779,1.565500000,2.311221,1,577.956772,5.000000,14,0,18,0.002,3
181,10,577.206,8152,1.570426995,1.572500000,2.073005,1,577.206345,5.000000,14,0,18,0.001,4
182,10,551.888,8152,1.579168109,1.581500000,2.331891,1,551.888334,5.000000,14,0,18,0.001,4
183,10,551.071,8152,1.586381229,1.588500000,2.118771,1,551.071409,5.000000,14,0,18,0.000,2
184,10,543.499,8152,1.595807835,1.598000000,2.192165,1,543.498898,5.000000,14,0,18,0.001,4
185,10,536.123,8152,1.605603008,1.608000000,2.396992,1,536.122996,5.000000,14,0,18,0.603,6
186,10,524.439,8152,1.613107591,1.615500000,2.392409,1,524.439042,5.000000,14,0,18,0.002,7
187,10,509.344,8152,1.620730446,1.623000000,2.269554,1,509.343946,5.000000,14,0,18,0.007,6
188,10,509.783,8152,1.628106979,1.630500000,2.393021,1,509.782977,5.000000,14,0,18,0.785,5
189,10,492.379,8152,1.638026560,1.640500000,2.473440,1,492.378738,5.000000,14,0,18,0.002,6
190,10,476.495,8152,1.646228803,1.648500000,2.271197,1,476.494730,5.000000,14,0,18,0.613,4
191,10,478.951,8152,1.655709345,1.658000000,2.290655,1,478.950767,5.000000,14,0,18,0.003,3
192,10,481.512,8152,1.662886170,1.665000000,2.113830,1,481.512314,5.000000,14,0,18,0.014,3
193,10,477.936,8152,1.670213787,1.672500000,2.286213,1,477.936273,5.000000,14,0,18,0.432,6
194,10,483.246,8152,1.679547125,1.682000000,2.452875,1,483.245757,5.000000,14,0,18,0.475,5
195,10,487.379,8152,1.691411294,1.693500000,2.088706,1,487.379499,5.000000,14,0,18,0.001,2
196,10,496.034,8152,1.701085883,1.703500000,2.414117,1,496.033534,5.000000,14,0,18,0.700,6
197,10,479.371,8152,1.708270972,1.710500000,2.229028,1,479.370683,5.000000,14,0,18,0.210,5
198,10,470.720,8152,1.719225626,1.721500000,2.274374,1,470.719830,5.000000,14,0,18,0.216,5
199,10,473.654,8152,1.726498031,1.729000000,2.501969,1,473.653890,5.000000,14,0,18,0.002,6
200,10,493.315,8152,1.734524528,1.737000000,2.475472,1,493.314521,5.000000,14,0,18,0.001,5
201,10,507.420,8152,1.742412194,1.744500000,2.087806,1,507.419920,5.000000,14,0,18,0.000,4
202,10,514.361,8152,1.751736646,1.754000000,2.263354,1,514.361289,5.000000,14,0,18,0.000,5
203,10,510.042,8152,1.759061012,1.761500000,2.438988,1,510.041618,5.000000,14,0,18,0.000,4
204,10,501.414,8152,1.768049998,1.770500000,2.450002,1,501.413792,5.000000,14,0,18,0.615,4
205,10,505.619,8152,1.776623016,1.779000000,2.376984,1,505.618601,5.000000,14,0,18,0.001,2
206,10,488.151,8152,1.786252182,1.788500000,2.247818,1,488.150881,5.000000,14,0,18,0.001,2
207,10,490.408,8152,1.795051591,1.797500000,2.448409,1,490.407823,5.000000,14,0,18,0.000,1
208,10,494.884,8152,1.803265564,1.805500000,2.234436,1,494.883722,5.000000,14,0,18,0.218,5
209,10,493.292,8152,1.811733281,1.817000000,5.266719,0,1016.684637,5.000000,14,0,18,0.217,6
210,10,498.501,8152,1.820260579,1.822500000,2.239421,1,498.500626,5.000000,14,0,18,0.000,2
211,10,505.216,8152,1.829266308,1.831500000,2.233692,1,505.215758,5.000000,14,0,18,0.245,4
212,10,520.755,8152,1.838064602,1.840500000,2.435398,1,520.754568,5.000000,14,0,18,0.002,4
213,10,529.439,8152,1.845733375,1.848000000,2.266625,1,529.438960,5.000000,14,0,18,0.216,4
214,10,531.110,8152,1.853452418,1.855500000,2.047582,1,531.110440,5.000000,14,0,18,0.003,5
215,10,531.887,8152,1.861427791,1.863500000,2.072209,1,531.886654,5.000000,14,0,18,0.002,6
216,10,534.939,8152,1.869449894,1.871500000,2.050106,1,534.938735,5.000000,14,0,18,0.301,5
217,10,520.985,8152,1.877081253,1.879500000,2.418747,1,520.984948,5.000000,14,0,18,0.000,5
218,10,519.125,8152,1.885161172,1.887500000,2.338828,1,519.124815,5.000000,14,0,18,0.001,6
219,10,523.449,8152,1.896670287,1.899000000,2.329713,1,523.449223,5.000000,14,0,18,0.216,5
220,10,537.921,8152,1.906609175,1.909000000,2.390825,1,537.921443,5.000000,14,0,18,0.000,4
221,10,552.245,8152,1.914366571,1.916500000,2.133429,1,552.244543,5.000000,14,0,18,0.000,7
222,10,545.472,8152,1.922934472,1.925000000,2.065528,1,545.471622,5.000000,14,0,18,0.000,2
223,10,563.578,8152,1.932413069,1.934500000,2.086931,1,563.577994,5.000000,14,0,18,0.002,5
224,10,567.146,8152,1.940642120,1.943000000,2.357880,1,567.145600,5.000000,14,0,18,0.002,4
225,10,576.457,8152,1.948086115,1.950500000,2.413885,1,576.456520,5.000000,14,0,18,0.001,5
226,10,563.578,8152,1.957033081,1.959500000,2.466919,1,563.577659,5.000000,14,0,18,0.246,4
227,10,554.713,8152,1.964309448,1.966500000,2.190552,1,554.712632,5.000000,14,0,18,0.462,4
228,10,559.195,8152,1.972828730,1.975000000,2.171270,1,559.195486,5.000000,14,0,18,0.492,4
229,10,560.653,8152,1.980641216,1.983000000,2.358784,1,560.652879,5.000000,14,0,18,0.245,4
230,10,539.074,8152,1.988153634,1.990500000,2.346366,1,539.073555,5.000000,14,0,18,0.001,3
231,10,510.128,8152,1.995710016,1.998000000,2.289984,1,510.128361,5.000000,14,0,18,0.245,5
232,10,520.651,8152,2.005152815,2.007500000,2.347185,1,520.651374,5.000000,14,0,18,0.000,2
233,10,539.742,8152,2.012570555,2.015000000,2.429445,1,539.742117,5.000000,14,0,18,0.275,8
234,10,536.702,8152,2.019805190,2.022000000,2.194810,1,536.702382,5.000000,14,0,18,0.001,7
235,10,546.001,8152,2.027317231,2.029500000,2.182769,1,546.001053,5.000000,14,0,18,0.344,6
236,10,558.349,8152,2.036259165,2.038500000,2.240835,1,558.348886,5.000000,14,0,18,0.433,6
237,10,567.706,8152,2.044678483,2.047000000,2.321517,1,567.706073,5.000000,14,0,18,0.000,4
238,10,565.397,8152,2.052258167,2.054500000,2.241833,1,565.397267,5.000000,14,0,18,0.209,5
239,10,582.474,8152,2.060552414,2.063000000,2.447586,1,582.474328,5.000000,14,0,18,0.276,6
240,10,577.668,8152,2.069388516,2.071500000,2.111484,1,577.668346,5.000000,14,0,18,0.000,4
241,10,581.242,8152,2.077824306,2.080000000,2.175694,1,581.242425,5.000000,14,0,18,0.217,8
242,10,594.094,8152,2.086201312,2.088500000,2.298688,1,594.094212,5.000000,14,0,18,0.333,7
243,10,594.057,8152,2.095514845,2.098000000,2.485155,1,594.057211,5.000000,14,0,18,0.562,5
244,10,585.623,8152,2.104269653,2.106500000,2.230347,1,585.622864,5.000000,14,0,18,0.000,5
245,10,580.869,8152,2.112732995,2.115000000,2.267005,1,580.869329,5.000000,14,0,18,0.276,4
246,10,578.916,8152,2.119876914,2.122000000,2.123086,1,578.915723,5.000000,14,0,18,0.217,5
247,10,582.242,8152,2.128586432,2.131000000,2.413568,1,582.241831,5.000000,14,0,18,0.245,5
248,10,560.556,8152,2.136046916,2.138500000,2.453084,1,560.556232,5.000000,14,0,18,0.217,6
249,10,562.205,8152,2.143751287,2.146000000,2.248713,1,562.204795,5.000000,14,0,18,0.246,6
250,10,547.004,8152,2.151658685,2.154000000,2.341315,1,547.003760,5.000000,14,0,18,0.216,6
251,10,542.942,8152,2.159114663,2.161500000,2.385337,1,542.942217,5.000000,14,0,18,0.002,5
252,10,520.203,8152,2.167834665,2.170000000,2.165335,1,520.202642,5.000000,14,0,18,0.300,7
253,10,520.642,8152,2.175473423,2.177500000,2.026577,1,520.642220,5.000000,14,0,18,0.454,6
254,10,504.339,8152,2.185829110,2.188000000,2.170890,1,504.339349,5.000000,14,0,18,0.247,6
255,10,504.068,8152,2.194057469,2.196500000,2.442531,1,504.068325,5.000000,14,0,18,0.217,6
256,10,504.010,8152,2.202865498,2.208000000,5.134502,0,1016.684637,5.000000,14,0,18,0.452,7
257,10,511.453,8152,2.213010528,2.215500000,2.489472,1,511.452904,5.000000,14,0,18,0.433,5
258,10,490.680,8152,2.224345552,2.226500000,2.154448,1,490.680286,5.000000,14,0,18,0.000,7
259,10,493.832,8152,2.232891421,2.235000000,2.108579,1,493.831872,5.000000,14,0,18,0.210,5
260,10,491.363,8152,2.242219022,2.244500000,2.280978,1,491.362658,5.000000,14,0,18,0.000,4
261,10,480.870,8152,2.252485404,2.255000000,2.514596,1,480.870051,5.000000,14,0,18,0.300,4
262,10,465.757,8152,2.262623894,2.265000000,2.376106,1,465.756869,5.000000,14,0,18,0.000,1
263,10,463.602,8152,2.270327642,2.272500000,2.172358,1,463.602192,5.000000,14,0,18,0.462,4
264,10,443.139,8152,2.278110091,2.280500000,2.389909,1,443.139270,5.000000,14,0,18,0.433,3
265,10,426.466,8152,2.286060830,2.288500000,2.439170,1,426.466246,5.000000,14,0,18,0.000,4
266,10,410.821,8152,2.293845311,2.296000000,2.154689,1,410.821390,5.000000,14,0,18,0.219,6
267,10,413.378,8152,2.302883198,2.305000000,2.116802,1,413.378426,5.000000,14,0,18,0.002,6
268,10,411.911,8152,2.310937587,2.313000000,2.062413,1,411.911454,5.000000,14,0,18,0.001,6
269,10,434.855,8152,2.322071646,2.324500000,2.428354,1,434.854810,5.000000,14,0,18,0.000,4
270,10,441.306,8152,2.329694345,2.332000000,2.305655,1,441.305812,5.000000,14,0,18,0.001,3
271,10,454.669,8152,2.338304686,2.340500000,2.195314,1,454.668930,5.000000,14,0,18,0.001,4
272,10,447.975,8152,2.346052085,2.348500000,2.447915,1,447.974880,5.000000,14,0,18,0.001,2
273,10,455.901,8152,2.354201404,2.356500000,2.298596,1,455.901418,5.000000,14,0,18,0.001,3
274,10,451.944,8152,2.362369447,2.364500000,2.130553,1,451.944054,5.000000,14,0,18,0.000,3
275,10,453.301,8152,2.370254145,2.372500000,2.245855,1,453.301389,5.000000,14,0,18,0.209,3
276,10,445.866,8152,2.377531048,2.380000000,2.468952,1,445.866268,5.000000,14,0,18,0.000,3
277,10,445.083,8152,2.386087091,2.388500000,2.412909,1,445.083201,5.000000,14,0,18,0.002,4
278,10,434.285,8152,2.393895302,2.396000000,2.104698,1,434.284666,5.000000,14,0,18,0.216,2
279,10,438.163,8152,2.401217474,2.403500000,2.282526,1,438.163114,5.000000,14,0,18,0.002,4
280,10,426.365,8152,2.409531658,2.412000000,2.468342,1,426.365417,5.000000,14,0,18,0.000,5
281,10,421.542,8152,2.416735155,2.419000000,2.264845,1,421.542117,5.000000,14,0,18,0.217,5
282,10,413.453,8152,2.424845212,2.427000000,2.154788,1,413.453016,5.000000,14,0,18,0.216,5
283,10,419.869,8152,2.433599531,2.436000000,2.400469,1,419.868504,5.000000,14,0,18,0.000,4
284,10,403.225,8152,2.441768733,2.444000000,2.231267,1,403.224735,5.000000,14,0,18,0.276,5
285,10,399.684,8152,2.449680530,2.452000000,2.319470,1,399.684234,5.000000,14,0,18,0.634,6
286,10,390.988,8152,2.458108899,2.460500000,2.391101,1,390.988422,5.000000,14,0,18,0.433,3
287,10,393.704,8152,2.469499493,2.472000000,2.500507,1,393.704385,5.000000,14,0,18,0.000,2
288,10,384.314,8152,2.477340158,2.479500000,2.159842,1,384.313851,5.000000,14,0,18,0.000,1
289,10,382.438,8152,2.485158650,2.487500000,2.341350,1,382.437771,5.000000,14,0,18,0.218,4
290,10,384.030,8152,2.492367302,2.494500000,2.132698,1,384.029627,5.000000,14,0,18,0.000,4
291,10,389.198,8152,2.499586135,2.502000000,2.413865,1,389.198413,5.000000,14,0,18,0.000,3
292,10,377.230,8152,2.507001858,2.509500000,2.498142,1,377.229750,5.000000,15,0,18,0.001,4
293,10,380.335,8152,2.514980042,2.517000000,2.019958,1,380.334778,5.000000,14,0,18,0.520,6
294,10,375.102,8152,2.523630986,2.526000000,2.369014,1,375.102479,5.000000,14,0,18,0.001,3
295,10,377.676,8152,2.531861280,2.534000000,2.138720,1,377.675946,5.000000,14,0,18,0.000,4
296,10,374.414,8152,2.541712831,2.544000000,2.287169,1,374.414191,5.000000,14,0,18,0.210,4
297,10,381.768,8152,2.549577695,2.552000000,2.422305,1,381.768286,5.000000,14,0,18,0.100,5
298,10,370.616,8152,2.557858563,2.560000000,2.141437,1,370.615845,5.000000,14,0,18,0.216,3
299,10,370.160,8152,2.565167941,2.567500000,2.332059,1,370.160281,5.000000,14,0,18,0.000,2
300,10,363.619,8152,2.576152733,2.578500000,2.347267,1,363.619194,5.000000,14,0,18,0.001,2
301,10,364.905,8152,2.584748318,2.587000000,2.251682,1,364.905154,5.000000,14,0,18,0.001,4
302,10,372.359,8152,2.593652674,2.596000000,2.347326,1,372.358902,5.000000,14,0,18,0.000,4
303,10,374.383,8152,2.603414000,2.605500000,2.086000,1,374.383295,5.000000,14,0,18,0.002,7
304,10,369.389,8152,2.610555071,2.613000000,2.444929,1,369.388576,5.000000,14,0,18,0.002,7
305,10,373.311,8152,2.619136949,2.621500000,2.363051,1,373.310841,5.000000,14,0,18,0.000,4
306,10,376.465,8152,2.626482775,2.629000000,2.517225,1,376.465007,5.000000,14,0,18,0.002,4
307,10,367.831,8152,2.634846917,2.637000000,2.153083,1,367.830753,5.000000,14,0,18,0.432,4
308,10,374.121,8152,2.645780532,2.648000000,2.219468,1,374.121447,5.000000,14,0,18,0.435,5
309,10,377.036,8152,2.654961828,2.657000000,2.038172,1,377.035624,5.000000,14,0,18,0.001,4
310,10,386.766,8152,2.664824653,2.667000000,2.175347,1,386.766194,5.000000,14,0,18,0.432,2
311,10,399.652,8152,2.675310312,2.677500000,2.189688,1,399.651666,5.000000,14,0,18,0.491,4
312,10,394.829,8152,2.684985506,2.687500000,2.514494,1,394.829119,5.000000,14,0,18,0.217,5
313,10,392.687,8152,2.694448121,2.696500000,2.051879,1,392.687014,5.000000,14,0,18,0.001,6
314,10,391.716,8152,2.701775953,2.704000000,2.224047,1,391.716120,5.000000,14,0,18,0.217,5
315,10,390.586,8152,2.710309236,2.712500000,2.190764,1,390.585576,5.000000,14,0,18,0.216,5
316,10,375.687,8152,2.717879897,2.720000000,2.120103,1,375.686502,5.000000,14,0,18,0.216,5
317,10,362.570,8152,2.726971894,2.729000000,2.028106,1,362.569897,5.000000,14,0,18,0.000,3
318,10,345.697,8152,2.734083702,2.736500000,2.416298,1,345.697130,5.000000,14,0,18,0.216,3
319,10,339.708,8152,2.741910500,2.744000000,2.089500,1,339.708186,5.000000,14,0,18,0.000,2
320,10,327.021,8152,2.750045824,2.752500000,2.454176,1,327.020638,5.000000,14,0,18,0.000,2
321,10,334.990,8152,2.759288965,2.761500000,2.211035,1,334.990143,5.000000,14,0,18,0.001,2
322,10,334.944,8152,2.767754456,2.770000000,2.245544,1,334.944140,5.000000,14,0,18,0.000,2
323,10,347.345,8152,2.779307179,2.781500000,2.192821,1,347.344877,5.000000,14,0,18,0.218,6
324,10,343.968,8152,2.787997592,2.790500000,2.502408,1,343.967890,5.000000,14,0,18,0.426,7
325,10,344.293,8152,2.799575497,2.802000000,2.424503,1,344.292793,5.000000,14,0,18,0.000,2
326,10,353.722,8152,2.806770442,2.809000000,2.229558,1,353.722284,5.000000,14,0,18,0.216,9
327,10,355.689,8152,2.815744774,2.818000000,2.255226,1,355.688965,5.000000,14,0,18,0.650,7
328,10,352.145,8152,2.824520430,2.827000000,2.479570,1,352.145025,5.000000,14,0,18,0.000,7
329,10,356.611,8152,2.835895691,2.838000000,2.104309,1,356.611488,5.000000,14,0,18,0.562,5
330,10,352.159,8152,2.843130779,2.845500000,2.369221,1,352.159177,5.000000,14,0,18,0.001,4
331,10,355.139,8152,2.852882884,2.855000000,2.117116,1,355.138904,5.000000,14,0,18,0.432,6
332,10,353.279,8152,2.862034946,2.864500000,2.465054,1,353.279480,5.000000,14,0,18,0.649,6
333,10,361.253,8152,2.870620632,2.873000000,2.379368,1,361.253406,5.000000,14,0,18,0.216,5
334,10,360.875,8152,2.881034730,2.883500000,2.465270,1,360.875113,5.000000,14,0,18,0.433,7
335,10,357.691,8152,2.890731601,2.893000000,2.268399,1,357.690581,5.000000,14,0,18,0.001,3
336,10,353.897,8152,2.898703343,2.901000000,2.296657,1,353.897145,5.000000,14,0,18,0.000,3
337,10,354.761,8152,2.909413123,2.911500000,2.086877,1,354.761268,5.000000,14,0,18,0.000,5
338,10,352.989,8152,2.917079486,2.919500000,2.420514,1,352.989035,5.000000,14,0,18,0.217,5
339,10,358.681,8152,2.927960540,2.930000000,2.039460,1,358.680739,5.000000,14,0,18,0.245,6
340,10,365.953,8152,2.935607473,2.938000000,2.392527,1,365.953130,5.000000,14,0,18,0.001,5
341,10,380.666,8152,2.943811825,2.946000000,2.188175,1,380.666408,5.000000,14,0,18,0.001,5
342,10,383.327,8152,2.952254359,2.954500000,2.245641,1,383.327311,5.000000,14,0,18,0.000,3
343,10,387.049,8152,2.960392757,2.962500000,2.107243,1,387.048872,5.000000,14,0,18,0.000,4
344,10,383.687,8152,2.968817241,2.971000000,2.182759,1,383.687356,5.000000,14,0,18,0.001,4
345,10,389.453,8152,2.976716630,2.979000000,2.283370,1,389.453497,5.000000,14,0,18,0.433,6
346,10,390.735,8152,2.985778468,2.988000000,2.221532,1,390.734812,5.000000,14,0,18,0.002,4
347,10,388.557,8152,2.996768674,2.999000000,2.231326,1,388.557247,5.000000,14,0,18,0.001,4
348,10,391.584,8152,3.005556582,3.008000000,2.443418,1,391.584096,5.000000,14,0,18,0.216,7
349,10,398.950,8152,3.016515040,3.019000000,2.484960,1,398.950097,5.000000,14,0,18,0.000,2
350,10,406.606,8152,3.025908799,3.028000000,2.091201,1,406.606085,5.000000,14,0,18,0.000,3
351,10,410.709,8152,3.036081251,3.038500000,2.418749,1,410.708847,5.000000,14,0,18,0.216,5
352,10,402.496,8152,3.043845192,3.046000000,2.154808,1,402.495968,5.000000,14,0,18,0.000,5
353,10,403.422,8152,3.053975981,3.056000000,2.024019,1,403.422467,5.000000,14,0,18,0.217,6
354,10,400.502,8152,3.061951004,3.064000000,2.048996,1,400.502246,5.000000,14,0,18,0.216,3
355,10,407.991,8152,3.072409297,3.074500000,2.090703,1,407.991173,5.000000,14,0,18,0.275,5
356,10,400.791,8152,3.079891612,3.082000000,2.108388,1,400.791289,5.000000,14,0,18,0.425,5
357,10,400.055,8152,3.087692066,3.090000000,2.307934,1,400.055098,5.000000,14,0,18,0.275,4
358,10,398.380,8152,3.094877830,3.097000000,2.122170,1,398.380476,5.000000,14,0,18,0.001,2
359,10,410.626,8152,3.102178701,3.104500000,2.321299,1,410.626048,5.000000,14,0,18,0.630,6
360,10,402.182,8152,3.110610739,3.113000000,2.389261,1,402.181685,5.000000,14,0,18,0.246,5
361,10,402.189,8152,3.118342933,3.120500000,2.157067,1,402.189401,5.000000,14,0,18,0.000,4
362,10,391.044,8152,3.126169288,3.128500000,2.330712,1,391.044048,5.000000,14,0,18,0.217,5
363,10,401.071,8152,3.134384229,3.136500000,2.115771,1,401.070697,5.000000,14,0,18,0.000,4
364,10,400.746,8152,3.145359336,3.147500000,2.140664,1,400.746424,5.000000,14,0,18,0.000,2
365,10,403.652,8152,3.155026630,3.157500000,2.473370,1,403.652159,5.000000,14,0,18,0.001,2
366,10,403.404,8152,3.166692662,3.169000000,2.307338,1,403.404033,5.000000,14,0,18,0.217,5
367,10,415.203,8152,3.175396356,3.177500000,2.103644,1,415.203329,5.000000,14,0,18,0.463,8
368,10,408.558,8152,3.183060457,3.185500000,2.439543,1,408.557697,5.000000,14,0,18,0.246,5
369,10,415.332,8152,3.192263102,3.194500000,2.236898,1,415.331598,5.000000,14,0,18,0.462,4
370,10,421.616,8152,3.199801603,3.202000000,2.198397,1,421.616141,5.000000,14,0,18,0.210,3
371,10,430.536,8152,3.207439993,3.209500000,2.060007,1,430.536441,5.000000,14,0,18,0.216,4
372,10,428.990,8152,3.215269893,3.217500000,2.230107,1,428.990303,5.000000,14,0,18,0.210,3
373,10,426.942,8152,3.222696051,3.225000000,2.303949,1,426.941674,5.000000,14,0,18,0.001,4
374,10,426.355,8152,3.230097469,3.232500000,2.402531,1,426.355420,5.000000,14,0,18,0.433,4
375,10,430.597,8152,3.238921774,3.241000000,2.078226,1,430.596996,5.000000,14,0,18,0.216,4
376,10,426.595,8152,3.250764094,3.253000000,2.235906,1,426.594843,5.000000,14,0,18,0.000,3
377,10,438.883,8152,3.259954840,3.262000000,2.045160,1,438.883437,5.000000,14,0,18,0.217,4
378,10,428.600,8152,3.268003268,3.270500000,2.496732,1,428.599552,5.000000,14,0,18,0.001,4
379,10,428.421,8152,3.275140357,3.277500000,2.359643,1,428.420708,5.000000,14,0,18,0.000,4
380,10,428.033,8152,3.282515773,3.285000000,2.484227,1,428.032564,5.000000,14,0,18,0.002,7
381,10,429.710,8152,3.290776948,3.293000000,2.223052,1,429.709559,5.000000,14,0,18,0.620,6
382,10,421.184,8152,3.298923640,3.301000000,2.076360,1,421.183933,5.000000,14,0,18,0.217,5
383,10,425.095,8152,3.306419895,3.308500000,2.080105,1,425.094557,5.000000,14,0,18,0.000,4
384,10,426.167,8152,3.314274406,3.316500000,2.225594,1,426.166772,5.000000,14,0,18,0.000,3
385,10,425.459,8152,3.321834756,3.324000000,2.165244,1,425.458825,5.000000,14,0,18,0.432,4
386,10,426.118,8152,3.329148182,3.331500000,2.351818,1,426.118406,5.000000,14,0,18,0.001,4
387,10,435.485,8152,3.337197755,3.339500000,2.302245,1,435.485476,5.000000,14,0,18,0.000,2
388,10,427.887,8152,3.344578215,3.347000000,2.421785,1,427.887209,5.000000,14,0,18,0.000,4
389,10,425.747,8152,3.353365296,3.355500000,2.134704,1,425.747389,5.000000,14,0,18,0.001,2
390,10,425.948,8152,3.361517768,3.364000000,2.482232,1,425.948028,5.000000,14,0,18,0.000,2
391,10,434.724,8152,3.369478220,3.371500000,2.021780,1,434.724424,5.000000,14,0,18,0.000,0
392,10,421.308,8152,3.377633744,3.380000000,2.366256,1,421.307888,5.000000,14,0,18,0.001,2
393,10,421.750,8152,3.387969040,3.390000000,2.030960,1,421.750393,5.000000,14,0,18,0.517,4
394,10,420.198,8152,3.396245080,3.398500000,2.254920,1,420.198317,5.000000,14,0,18,0.516,5
395,10,419.386,8152,3.406746652,3.409000000,2.253348,1,419.386149,5.000000,14,0,18,0.648,5
396,10,412.478,8152,3.416170126,3.418500000,2.329874,1,412.477708,5.000000,14,0,18,0.210,3
397,10,414.186,8152,3.423972359,3.426000000,2.027641,1,414.186199,5.000000,14,0,18,0.000,4
398,10,416.349,8152,3.433993269,3.436500000,2.506731,1,416.348968,5.000000,14,0,18,0.217,4
399,10,429.394,8152,3.441253240,3.443500000,2.246760,1,429.393736,5.000000,14,0,18,0.217,4
400,10,432.683,8152,3.448586659,3.451000000,2.413341,1,432.683359,5.000000,14,0,18,0.000,4
401,10,428.548,8152,3.457924909,3.460000000,2.075091,1,428.548298,5.000000,14,0,18,0.000,3
402,10,429.173,8152,3.465292100,3.467500000,2.207900,1,429.172878,5.000000,14,0,18,0.001,3
403,10,433.441,8152,3.472890135,3.475000000,2.109865,1,433.441208,5.000000,14,0,18,0.216,3
404,10,433.328,8152,3.482074502,3.484500000,2.425498,1,433.328353,5.000000,14,0,18,0.000,4
405,10,429.759,8152,3.490220073,3.492500000,2.279927,1,429.759448,5.000000,14,0,18,0.001,3
406,10,418.488,8152,3.499640499,3.505000000,5.359501,0,1016.684637,5.000000,14,0,18,0.001,4
407,10,414.527,8152,3.508763947,3.511000000,2.236053,1,414.526953,5.000000,14,0,18,0.462,7
408,10,421.017,8152,3.517875533,3.520000000,2.124467,1,421.017498,5.000000,14,0,18,0.001,4
409,10,420.455,8152,3.527382223,3.529500000,2.117777,1,420.454802,5.000000,14,0,18,0.217,6
410,10,409.917,8152,3.536535092,3.539000000,2.464908,1,409.916715,5.000000,14,0,18,0.000,2
411,10,415.340,8152,3.546434221,3.548500000,2.065779,1,415.340364,5.000000,14,0,18,0.217,4
412,10,411.270,8152,3.554317850,3.556500000,2.182150,1,411.269892,5.000000,14,0,18,0.002,3
413,10,419.577,8152,3.562625492,3.565000000,2.374508,1,419.576516,5.000000,14,0,18,0.000,4
414,10,421.794,8152,3.569857006,3.572000000,2.142994,1,421.794061,5.000000,14,0,18,0.000,3
415,10,438.029,8152,3.580090907,3.582500000,2.409093,1,438.029310,5.000000,14,0,18,0.000,3
416,10,444.880,8152,3.589628370,3.592000000,2.371630,1,444.880070,5.000000,14,0,18,0.002,4
417,10,441.535,8152,3.598433078,3.600500000,2.066922,1,441.534552,5.000000,14,0,18,0.217,4
418,10,436.397,8152,3.606345376,3.608500000,2.154624,1,436.396683,5.000000,14,0,18,0.217,4
419,10,448.069,8152,3.613503566,3.616000000,2.496434,1,448.068558,5.000000,14,0,18,0.000,3
420,10,432.266,8152,3.621395883,3.623500000,2.104117,1,432.266089,5.000000,14,0,18,0.002,4
421,10,439.205,8152,3.633086756,3.635500000,2.413244,1,439.204545,5.000000,14,0,18,0.002,3
422,10,443.751,8152,3.640762687,3.643000000,2.237313,1,443.751437,5.000000,14,0,18,0.462,4
423,10,457.003,8152,3.648731182,3.651000000,2.268818,1,457.003338,5.000000,14,0,18,0.000,4
424,10,444.887,8152,3.657635277,3.660000000,2.364723,1,444.886948,5.000000,14,0,18,0.118,4
425,10,456.656,8152,3.665847291,3.668000000,2.152709,1,456.656277,5.000000,14,0,18,0.000,2
426,10,459.283,8152,3.674605814,3.677000000,2.394186,1,459.282880,5.000000,14,0,18,0.000,4
427,10,462.928,8152,3.683664037,3.686000000,2.335963,1,462.927908,5.000000,14,0,18,0.000,3
428,10,456.893,8152,3.691499614,3.694000000,2.500386,1,456.893494,5.000000,14,0,18,0.245,4
429,10,462.930,8152,3.701456691,3.703500000,2.043309,1,462.929776,5.000000,14,0,18,0.001,4
430,10,474.840,8152,3.709782805,3.712000000,2.217195,1,474.840477,5.000000,14,0,18,0.301,5
431,10,493.215,8152,3.718499047,3.721000000,2.500953,1,493.214938,5.000000,14,0,18,0.217,4
432,10,498.825,8152,3.726253298,3.728500000,2.246702,1,498.825435,5.000000,14,0,18,0.000,3
433,10,504.625,8152,3.734828001,3.737000000,2.171999,1,504.624759,5.000000,14,0,18,0.432,5
434,10,490.187,8152,3.743081682,3.745500000,2.418318,1,490.187403,5.000000,14,0,18,0.001,3
435,10,497.889,8152,3.752668153,3.755000000,2.331847,1,497.888645,5.000000,14,0,18,0.216,3
436,10,494.665,8152,3.760961961,3.763000000,2.038039,1,494.665027,5.000000,14,0,18,0.001,4
437,10,485.188,8152,3.769314614,3.771500000,2.185386,1,485.187962,5.000000,14,0,18,0.218,5
438,10,471.182,8152,3.776997278,3.779500000,2.502722,1,471.182004,5.000000,14,0,18,0.216,3
439,10,484.824,8152,3.784166196,3.786500000,2.333804,1,484.823833,5.000000,14,0,18,0.000,2
440,10,485.753,8152,3.791821441,3.794000000,2.178559,1,485.752893,5.000000,14,0,18,0.000,3
441,10,494.227,8152,3.798956247,3.801000000,2.043753,1,494.227455,5.000000,14,0,18,0.003,5
442,10,502.790,8152,3.806663099,3.809000000,2.336901,1,502.790233,5.000000,14,0,18,0.219,7
443,10,506.448,8152,3.818290507,3.820500000,2.209493,1,506.448122,5.000000,14,0,18,0.217,3
444,10,497.467,8152,3.828651713,3.831000000,2.348287,1,497.467087,5.000000,14,0,18,0.001,4
445,10,501.005,8152,3.836269518,3.838500000,2.230482,1,501.004552,5.000000,14,0,18,0.000,2
446,10,514.721,8152,3.843523171,3.846000000,2.476829,1,514.720945,5.000000,14,0,18,0.001,2
447,10,521.434,8152,3.851841540,3.854000000,2.158460,1,521.433579,5.000000,14,0,18,0.216,3
448,10,518.136,8152,3.859005843,3.861500000,2.494157,1,518.135995,5.000000,14,0,18,0.426,5
449,10,512.013,8152,3.868173560,3.870500000,2.326440,1,512.012793,5.000000,14,0,18,0.002,4
450,10,504.316,8152,3.877049261,3.879500000,2.450739,1,504.316332,5.000000,14,0,18,0.217,3
451,10,525.780,8152,3.886803711,3.889000000,2.196289,1,525.780253,5.000000,14,0,18,0.000,3
452,10,523.867,8152,3.894327655,3.896500000,2.172345,1,523.867149,5.000000,14,0,18,0.432,4
453,10,520.761,8152,3.902234369,3.904500000,2.265631,1,520.760713,5.000000,14,0,18,0.219,6
454,10,511.846,8152,3.910971897,3.913000000,2.028103,1,511.845981,5.000000,14,0,18,0.462,4
455,10,519.895,8152,3.918740049,3.921000000,2.259951,1,519.894592,5.000000,14,0,18,0.000,3
456,10,518.709,8152,3.926083721,3.928500000,2.416279,1,518.709050,5.000000,14,0,18,0.247,4
457,10,527.906,8152,3.935074913,3.937500000,2.425087,1,527.906030,5.000000,14,0,18,0.216,5
458,10,532.753,8152,3.942532310,3.945000000,2.467690,1,532.752614,5.000000,14,0,18,0.002,6
459,10,536.115,8152,3.950927266,3.953000000,2.072734,1,536.114608,5.000000,14,0,18,0.216,3
460,10,534.396,8152,3.961389486,3.963500000,2.110514,1,534.395817,5.000000,14,0,18,0.216,5
461,10,534.305,8152,3.972668647,3.975000000,2.331353,1,534.305149,5.000000,14,0,18,0.000,2
462,10,528.345,8152,3.982814839,3.985000000,2.185161,1,528.344944,5.000000,14,0,18,0.000,2
463,10,522.436,8152,3.991886741,3.994000000,2.113259,1,522.436386,5.000000,14,0,18,0.217,3
464,10,511.123,8152,3.999700381,4.002000000,2.299619,1,511.123080,5.000000,14,0,18,0.002,3
465,10,522.109,8152,4.008463855,4.013500000,5.036145,0,1016.684637,5.000000,14,0,18,0.462,6
466,10,518.643,8152,4.017273529,4.019500000,2.226471,1,518.642551,5.000000,14,0,18,0.002,4
467,10,513.343,8152,4.025572983,4.028000000,2.427017,1,513.343038,5.000000,14,0,18,0.433,4
468,10,501.947,8152,4.033782767,4.036000000,2.217233,1,501.947362,5.000000,14,0,18,0.001,4
469,10,493.421,8152,4.044555742,4.047000000,2.444258,1,493.421442,5.000000,14,0,18,0.245,4
470,10,515.177,8152,4.053240715,4.055500000,2.259285,1,515.176511,5.000000,14,0,18,0.245,3
471,10,514.201,8152,4.061421422,4.063500000,2.078578,1,514.200582,5.000000,14,0,18,0.245,6
472,10,510.660,8152,4.069539691,4.072000000,2.460309,1,510.660472,5.000000,14,0,18,0.000,5
473,10,498.199,8152,4.078381038,4.080500000,2.118962,1,498.199358,5.000000,14,0,18,0.649,6
474,10,480.913,8152,4.085518409,4.088000000,2.481591,1,480.913000,5.000000,14,0,18,0.003,6
475,10,473.664,8152,4.093466289,4.095500000,2.033711,1,473.663812,5.000000,14,0,18,0.216,6
476,10,464.729,8152,4.102739922,4.108000000,5.260078,0,1016.684637,5.000000,14,0,18,0.433,7
477,10,468.559,8152,4.110187105,4.118500000,8.312895,0,1016.684637,5.000000,14,0,18,0.001,4
478,10,462.751,8152,4.119811066,4.122000000,2.188934,1,462.750566,5.000000,14,0,18,0.218,6
479,10,472.526,8152,4.127404103,4.129500000,2.095897,1,472.526409,5.000000,14,0,18,0.650,6
480,10,462.207,8152,4.135825614,4.138000000,2.174386,1,462.206571,5.000000,14,0,18,0.649,6
481,10,473.392,8152,4.143498256,4.146000000,2.501744,1,473.392151,5.000000,14,0,18,0.432,5
482,10,472.178,8152,4.154333012,4.156500000,2.166988,1,472.178140,5.000000,14,0,18,0.000,2
483,10,475.093,8152,4.162943515,4.165000000,2.056485,1,475.092963,5.000000,14,0,18,0.000,2
484,10,459.060,8152,4.171887524,4.174000000,2.112476,1,459.059531,5.000000,14,0,18,0.001,3
485,10,460.072,8152,4.182154440,4.187500000,5.345560,0,1016.684637,5.000000,14,0,18,0.218,6
486,10,473.252,8152,4.191225093,4.193500000,2.274907,1,473.252389,5.000000,14,0,18,0.000,3
487,10,462.517,8152,4.200886866,4.206000000,5.113134,0,1016.684637,5.000000,14,0,18,0.001,5
488,10,469.224,8152,4.208687591,4.211000000,2.312409,1,469.224052,5.000000,14,0,18,0.210,6
489,10,479.775,8152,4.218256989,4.220500000,2.243011,1,479.774877,5.000000,14,0,18,0.462,5
490,10,491.980,8152,4.225990941,4.228500000,2.509059,1,491.980166,5.000000,14,0,18,0.000,3
491,10,511.034,8152,4.233147964,4.235500000,2.352036,1,511.034006,5.000000,14,0,18,0.217,3
492,10,502.972,8152,4.243545808,4.246000000,2.454192,1,502.971813,5.000000,14,0,18,0.000,1
493,10,502.503,8152,4.252053009,4.254500000,2.446991,1,502.503431,5.000000,14,0,18,0.000,1
494,10,496.188,8152,4.261498267,4.264000000,2.501733,1,496.187965,5.000000,14,0,18,0.001,3
495,10,509.999,8152,4.269944217,4.275000000,5.055783,0,1016.684637,5.000000,14,0,18,0.648,6
496,10,510.598,8152,4.279295608,4.281500000,2.204392,1,510.598009,5.000000,14,0,18,0.001,6
497,10,505.944,8152,4.287078593,4.289500000,2.421407,1,505.944038,5.000000,14,0,18,0.217,4
498,10,490.936,8152,4.294247154,4.296500000,2.252846,1,490.936332,5.000000,14,0,18,0.246,5
499,10,499.811,8152,4.303526798,4.309000000,5.473202,0,1016.684637,5.000000,14,0,18,0.000,6
500,10,486.556,8152,4.311759669,4.314000000,2.240331,1,486.555740,5.000000,14,0,18,0.275,4
501,0,0,0,0,0,-1,0,1016.685,5.000,0,0,0,0.0,0
502,0,0,0,0,0,-1,0,1016.685,5.000,0,0,0,0.0,0
503,0,0,0,0,0,-1,0,1016.685,5.000,0,0,0,0.0,0
504,0,0,0,0,0,-1,0,1016.685,5.000,0,0,0,0.0,0
505,0,0,0,0,0,-1,0,1016.685,5.000,0,0,0,0.0,0
506,0,0,0,0,0,-1,0,1016.685,5.000,0,0,0,0.0,0
507,0,0,0,0,0,-1,0,1016.685,5.000,0,0,0,0.0,0
508,0,0,0,0,0,-1,0,1016.685,5.000,0,0,0,0.0,0
509,0,0,0,0,0,-1,0,1016.685,5.000,0,0,0,0.0,0
510,0,0,0,0,0,-1,0,1016.685,5.000,0,0,0,0.0,0
511,0,0,0,0,0,-1,0,1016.685,5.000,0,0,0,0.0,0
512,0,0,0,0,0,-1,0,1016.685,5.000,0,0,0,0.0,0
513,0,0,0,0,0,-1,0,1016.685,5.000,0,0,0,0.0,0
514,0,0,0,0,0,-1,0,1016.685,5.000,0,0,0,0.0,0
515,0,0,0,0,0,-1,0,1016.685,5.000,0,0,0,0.0,0
516,0,0,0,0,0,-1,0,1016.685,5.000,0,0,0,0.0,0
517,0,0,0,0,0,-1,0,1016.685,5.000,0,0,0,0.0,0
518,0,0,0,0,0,-1,0,1016.685,5.000,0,0,0,0.0,0
519,0,0,0,0,0,-1,0,1016.685,5.000,0,0,0,0.0,0
520,0,0,0,0,0,-1,0,1016.685,5.000,0,0,0,0.0,0
521,0,0,0,0,0,-1,0,1016.685,5.000,0,0,0,0.0,0
522,0,0,0,0,0,-1,0,1016.685,5.000,0,0,0,0.0,0
523,0,0,0,0,0,-1,0,1016.685,5.000,0,0,0,0.0,0
524,0,0,0,0,0,-1,0,1016.685,5.000,0,0,0,0.0,0
525,0,0,0,0,0,-1,0,1016.685,5.000,0,0,0,0.0,0
526,0,0,0,0,0,-1,0,1016.685,5.000,0,0,0,0.0,0
527,0,0,0,0,0,-1,0,1016.685,5.000,0,0,0,0.0,0
528,0,0,0,0,0,-1,0,1016.685,5.000,0,0,0,0.0,0
529,0,0,0,0,0,-1,0,1016.685,5.000,0,0,0,0.0,0
530,0,0,0,0,0,-1,0,1016.685,5.000,0,0,0,0.0,0
531,0,0,0,0,0,-1,0,1016.685,5.000,0,0,0,0.0,0
532,0,0,0,0,0,-1,0,1016.685,5.000,0,0,0,0.0,0
533,0,0,0,0,0,-1,0,1016.685,5.000,0,0,0,0.0,0
534,0,0,0,0,0,-1,0,1016.685,5.000,0,0,0,0.0,0
535,0,0,0,0,0,-1,0,1016.685,5.000,0,0,0,0.0,0
536,0,0,0,0,0,-1,0,1016.685,5.000,0,0,0,0.0,0
537,0,0,0,0,0,-1,0,1016.685,5.000,0,0,0,0.0,0
538,0,0,0,0,0,-1,0,1016.685,5.000,0,0,0,0.0,0
539,0,0,0,0,0,-1,0,1016.685,5.000,0,0,0,0.0,0
540,0,0,0,0,0,-1,0,1016.685,5.000,0,0,0,0.0,0
541,0,0,0,0,0,-1,0,1016.685,5.000,0,0,0,0.0,0
542,0,0,0,0,0,-1,0,1016.685,5.000,0,0,0,0.0,0
543,0,0,0,0,0,-1,0,1016.685,5.000,0,0,0,0.0,0
544,0,0,0,0,0,-1,0,1016.685,5.000,0,0,0,0.0,0
545,0,0,0,0,0,-1,0,1016.685,5.000,0,0,0,0.0,0
546,0,0,0,0,0,-1,0,1016.685,5.000,0,0,0,0.0,0
547,0,0,0,0,0,-1,0,1016.685,5.000,0,0,0,0.0,0
548,0,0,0,0,0,-1,0,1016.685,5.000,0,0,0,0.0,0
549,0,0,0,0,0,-1,0,1016.685,5.000,0,0,0,0.0,0
550,0,0,0,0,0,-1,0,1016.685,5.000,0,0,0,0.0,0
551,0,0,0,0,0,-1,0,1016.685,5.000,0,0,0,0.0,0
552,0,0,0,0,0,-1,0,1016.685,5.000,0,0,0,0.0,0
553,0,0,0,0,0,-1,0,1016.685,5.000,0,0,0,0.0,0
554,0,0,0,0,0,-1,0,1016.685,5.000,0,0,0,0.0,0
555,0,0,0,0,0,-1,0,1016.685,5.000,0,0,0,0.0,0
556,0,0,0,0,0,-1,0,1016.685,5.000,0,0,0,0.0,0
557,0,0,0,0,0,-1,0,1016.685,5.000,0,0,0,0.0,0
558,0,0,0,0,0,-1,0,1016.685,5.000,0,0,0,0.0,0
559,0,0,0,0,0,-1,0,1016.685,5.000,0,0,0,0.0,0
560,0,0,0,0,0,-1,0,1016.685,5.000,0,0,0,0.0,0
561,0,0,0,0,0,-1,0,1016.685,5.000,0,0,0,0.0,0
562,0,0,0,0,0,-1,0,1016.685,5.000,0,0,0,0.0,0
563,0,0,0,0,0,-1,0,1016.685,5.000,0,0,0,0.0,0
564,0,0,0,0,0,-1,0,1016.685,5.000,0,0,0,0.0,0
565,0,0,0,0,0,-1,0,1016.685,5.000,0,0,0,0.0,0
566,0,0,0,0,0,-1,0,1016.685,5.000,0,0,0,0.0,0
567,0,0,0,0,0,-1,0,1016.685,5.000,0,0,0,0.0,0
568,0,0,0,0,0,-1,0,1016.685,5.000,0,0,0,0.0,0
569,0,0,0,0,0,-1,0,1016.685,5.000,0,0,0,0.0,0
570,0,0,0,0,0,-1,0,1016.685,5.000,0,0,0,0.0,0
571,0,0,0,0,0,-1,0,1016.685,5.000,0,0,0,0.0,0
572,0,0,0,0,0,-1,0,1016.685,5.000,0,0,0,0.0,0
573,0,0,0,0,0,-1,0,1016.685,5.000,0,0,0,0.0,0
574,0,0,0,0,0,-1,0,1016.685,5.000,0,0,0,0.0,0
575,0,0,0,0,0,-1,0,1016.685,5.000,0,0,0,0.0,0
576,0,0,0,0,0,-1,0,1016.685,5.000,0,0,0,0.0,0
577,0,0,0,0,0,-1,0,1016.685,5.000,0,0,0,0.0,0
578,0,0,0,0,0,-1,0,1016.685,5.000,0,0,0,0.0,0
579,0,0,0,0,0,-1,0,1016.685,5.000,0,0,0,0.0,0
580,0,0,0,0,0,-1,0,1016.685,5.000,0,0,0,0.0,0
581,0,0,0,0,0,-1,0,1016.685,5.000,0,0,0,0.0,0
582,0,0,0,0,0,-1,0,1016.685,5.000,0,0,0,0.0,0
583,0,0,0,0,0,-1,0,1016.685,5.000,0,0,0,0.0,0
584,0,0,0,0,0,-1,0,1016.685,5.000,0,0,0,0.0,0
585,0,0,0,0,0,-1,0,1016.685,5.000,0,0,0,0.0,0
586,0,0,0,0,0,-1,0,1016.685,5.000,0,0,0,0.0,0
587,0,0,0,0,0,-1,0,1016.685,5.000,0,0,0,0.0,0
588,0,0,0,0,0,-1,0,1016.685,5.000,0,0,0,0.0,0
589,0,0,0,0,0,-1,0,1016.685,5.000,0,0,0,0.0,0
590,0,0,0,0,0,-1,0,1016.685,5.000,0,0,0,0.0,0
591,0,0,0,0,0,-1,0,1016.685,5.000,0,0,0,0.0,0
592,0,0,0,0,0,-1,0,1016.685,5.000,0,0,0,0.0,0
593,0,0,0,0,0,-1,0,1016.685,5.000,0,0,0,0.0,0
594,0,0,0,0,0,-1,0,1016.685,5.000,0,0,0,0.0,0
595,0,0,0,0,0,-1,0,1016.685,5.000,0,0,0,0.0,0
596,0,0,0,0,0,-1,0,1016.685,5.000,0,0,0,0.0,0
597,0,0,0,0,0,-1,0,1016.685,5.000,0,0,0,0.0,0
598,0,0,0,0,0,-1,0,1016.685,5.000,0,0,0,0.0,0
599,0,0,0,0,0,-1,0,1016.685,5.000,0,0,0,0.0,0
600,0,0,0,0,0,-1,0,1016.685,5.000,0,0,0,0.0,0
601,0,0,0,0,0,-1,0,1016.685,5.000,0,0,0,0.0,0
602,0,0,0,0,0,-1,0,1016.685,5.000,0,0,0,0.0,0
603,0,0,0,0,0,-1,0,1016.685,5.000,0,0,0,0.0,0
604,0,0,0,0,0,-1,0,1016.685,5.000,0,0,0,0.0,0
605,0,0,0,0,0,-1,0,1016.685,5.000,0,0,0,0.0,0
606,0,0,0,0,0,-1,0,1016.685,5.000,0,0,0,0.0,0
607,0,0,0,0,0,-1,0,1016.685,5.000,0,0,0,0.0,0
608,0,0,0,0,0,-1,0,1016.685,5.000,0,0,0,0.0,0
609,0,0,0,0,0,-1,0,1016.685,5.000,0,0,0,0.0,0
610,0,0,0,0,0,-1,0,1016.685,5.000,0,0,0,0.0,0
611,0,0,0,0,0,-1,0,1016.685,5.000,0,0,0,0.0,0
612,0,0,0,0,0,-1,0,1016.685,5.000,0,0,0,0.0,0
613,0,0,0,0,0,-1,0,1016.685,5.000,0,0,0,0.0,0
614,0,0,0,0,0,-1,0,1016.685,5.000,0,0,0,0.0,0
615,0,0,0,0,0,-1,0,1016.685,5.000,0,0,0,0.0,0
616,0,0,0,0,0,-1,0,1016.685,5.000,0,0,0,0.0,0
617,0,0,0,0,0,-1,0,1016.685,5.000,0,0,0,0.0,0
618,0,0,0,0,0,-1,0,1016.685,5.000,0,0,0,0.0,0
619,0,0,0,0,0,-1,0,1016.685,5.000,0,0,0,0.0,0
620,0,0,0,0,0,-1,0,1016.685,5.000,0,0,0,0.0,0
621,0,0,0,0,0,-1,0,1016.685,5.000,0,0,0,0.0,0
622,0,0,0,0,0,-1,0,1016.685,5.000,0,0,0,0.0,0
623,0,0,0,0,0,-1,0,1016.685,5.000,0,0,0,0.0,0
624,0,0,0,0,0,-1,0,1016.685,5.000,0,0,0,0.0,0
625,0,0,0,0,0,-1,0,1016.685,5.000,0,0,0,0.0,0
626,0,0,0,0,0,-1,0,1016.685,5.000,0,0,0,0.0,0
627,0,0,0,0,0,-1,0,1016.685,5.000,0,0,0,0.0,0
628,0,0,0,0,0,-1,0,1016.685,5.000,0,0,0,0.0,0
629,0,0,0,0,0,-1,0,1016.685,5.000,0,0,0,0.0,0
630,0,0,0,0,0,-1,0,1016.685,5.000,0,0,0,0.0,0
631,0,0,0,0,0,-1,0,1016.685,5.000,0,0,0,0.0,0
632,0,0,0,0,0,-1,0,1016.685,5.000,0,0,0,0.0,0
633,0,0,0,0,0,-1,0,1016.685,5.000,0,0,0,0.0,0
634,0,0,0,0,0,-1,0,1016.685,5.000,0,0,0,0.0,0
635,0,0,0,0,0,-1,0,1016.685,5.000,0,0,0,0.0,0
636,0,0,0,0,0,-1,0,1016.685,5.000,0,0,0,0.0,0
637,0,0,0,0,0,-1,0,1016.685,5.000,0,0,0,0.0,0
638,0,0,0,0,0,-1,0,1016.685,5.000,0,0,0,0.0,0
639,0,0,0,0,0,-1,0,1016.685,5.000,0,0,0,0.0,0
640,0,0,0,0,0,-1,0,1016.685,5.000,0,0,0,0.0,0
641,0,0,0,0,0,-1,0,1016.685,5.000,0,0,0,0.0,0
642,0,0,0,0,0,-1,0,1016.685,5.000,0,0,0,0.0,0
643,0,0,0,0,0,-1,0,1016.685,5.000,0,0,0,0.0,0
644,0,0,0,0,0,-1,0,1016.685,5.000,0,0,0,0.0,0
645,0,0,0,0,0,-1,0,1016.685,5.000,0,0,0,0.0,0
646,0,0,0,0,0,-1,0,1016.685,5.000,0,0,0,0.0,0
647,0,0,0,0,0,-1,0,1016.685,5.000,0,0,0,0.0,0
648,0,0,0,0,0,-1,0,1016.685,5.000,0,0,0,0.0,0
649,0,0,0,0,0,-1,0,1016.685,5.000,0,0,0,0.0,0
650,0,0,0,0,0,-1,0,1016.685,5.000,0,0,0,0.0,0
651,0,0,0,0,0,-1,0,1016.685,5.000,0,0,0,0.0,0
652,0,0,0,0,0,-1,0,1016.685,5.000,0,0,0,0.0,0
653,0,0,0,0,0,-1,0,1016.685,5.000,0,0,0,0.0,0
654,0,0,0,0,0,-1,0,1016.685,5.000,0,0,0,0.0,0
655,0,0,0,0,0,-1,0,1016.685,5.000,0,0,0,0.0,0
656,0,0,0,0,0,-1,0,1016.685,5.000,0,0,0,0.0,0
657,0,0,0,0,0,-1,0,1016.685,5.000,0,0,0,0.0,0
658,0,0,0,0,0,-1,0,1016.685,5.000,0,0,0,0.0,0
659,0,0,0,0,0,-1,0,1016.685,5.000,0,0,0,0.0,0
660,0,0,0,0,0,-1,0,1016.685,5.000,0,0,0,0.0,0
661,0,0,0,0,0,-1,0,1016.685,5.000,0,0,0,0.0,0
662,0,0,0,0,0,-1,0,1016.685,5.000,0,0,0,0.0,0
663,0,0,0,0,0,-1,0,1016.685,5.000,0,0,0,0.0,0
664,0,0,0,0,0,-1,0,1016.685,5.000,0,0,0,0.0,0
665,0,0,0,0,0,-1,0,1016.685,5.000,0,0,0,0.0,0
666,0,0,0,0,0,-1,0,1016.685,5.000,0,0,0,0.0,0
667,0,0,0,0,0,-1,0,1016.685,5.000,0,0,0,0.0,0
668,0,0,0,0,0,-1,0,1016.685,5.000,0,0,0,0.0,0
669,0,0,0,0,0,-1,0,1016.685,5.000,0,0,0,0.0,0
670,0,0,0,0,0,-1,0,1016.685,5.000,0,0,0,0.0,0
671,0,0,0,0,0,-1,0,1016.685,5.000,0,0,0,0.0,0
672,0,0,0,0,0,-1,0,1016.685,5.000,0,0,0,0.0,0
673,0,0,0,0,0,-1,0,1016.685,5.000,0,0,0,0.0,0
674,0,0,0,0,0,-1,0,1016.685,5.000,0,0,0,0.0,0
675,0,0,0,0,0,-1,0,1016.685,5.000,0,0,0,0.0,0
676,0,0,0,0,0,-1,0,1016.685,5.000,0,0,0,0.0,0
677,0,0,0,0,0,-1,0,1016.685,5.000,0,0,0,0.0,0
678,0,0,0,0,0,-1,0,1016.685,5.000,0,0,0,0.0,0
679,0,0,0,0,0,-1,0,1016.685,5.000,0,0,0,0.0,0
680,0,0,0,0,0,-1,0,1016.685,5.000,0,0,0,0.0,0
681,0,0,0,0,0,-1,0,1016.685,5.000,0,0,0,0.0,0
682,0,0,0,0,0,-1,0,1016.685,5.000,0,0,0,0.0,0
683,0,0,0,0,0,-1,0,1016.685,5.000,0,0,0,0.0,0
684,0,0,0,0,0,-1,0,1016.685,5.000,0,0,0,0.0,0
685,0,0,0,0,0,-1,0,1016.685,5.000,0,0,0,0.0,0
686,0,0,0,0,0,-1,0,1016.685,5.000,0,0,0,0.0,0
687,0,0,0,0,0,-1,0,1016.685,5.000,0,0,0,0.0,0
688,0,0,0,0,0,-1,0,1016.685,5.000,0,0,0,0.0,0
689,0,0,0,0,0,-1,0,1016.685,5.000,0,0,0,0.0,0
690,0,0,0,0,0,-1,0,1016.685,5.000,0,0,0,0.0,0
691,0,0,0,0,0,-1,0,1016.685,5.000,0,0,0,0.0,0
692,0,0,0,0,0,-1,0,1016.685,5.000,0,0,0,0.0,0
693,0,0,0,0,0,-1,0,1016.685,5.000,0,0,0,0.0,0
694,0,0,0,0,0,-1,0,1016.685,5.000,0,0,0,0.0,0
695,0,0,0,0,0,-1,0,1016.685,5.000,0,0,0,0.0,0
696,0,0,0,0,0,-1,0,1016.685,5.000,0,0,0,0.0,0
697,0,0,0,0,0,-1,0,1016.685,5.000,0,0,0,0.0,0
698,0,0,0,0,0,-1,0,1016.685,5.000,0,0,0,0.0,0
699,0,0,0,0,0,-1,0,1016.685,5.000,0,0,0,0.0,0
700,0,0,0,0,0,-1,0,1016.685,5.000,0,0,0,0.0,0
701,0,0,0,0,0,-1,0,1016.685,5.000,0,0,0,0.0,0
702,0,0,0,0,0,-1,0,1016.685,5.000,0,0,0,0.0,0
703,0,0,0,0,0,-1,0,1016.685,5.000,0,0,0,0.0,0
704,0,0,0,0,0,-1,0,1016.685,5.000,0,0,0,0.0,0
705,0,0,0,0,0,-1,0,1016.685,5.000,0,0,0,0.0,0
706,0,0,0,0,0,-1,0,1016.685,5.000,0,0,0,0.0,0
707,0,0,0,0,0,-1,0,1016.685,5.000,0,0,0,0.0,0
708,0,0,0,0,0,-1,0,1016.685,5.000,0,0,0,0.0,0
709,0,0,0,0,0,-1,0,1016.685,5.000,0,0,0,0.0,0
710,0,0,0,0,0,-1,0,1016.685,5.000,0,0,0,0.0,0
711,0,0,0,0,0,-1,0,1016.685,5.000,0,0,0,0.0,0
712,0,0,0,0,0,-1,0,1016.685,5.000,0,0,0,0.0,0
713,0,0,0,0,0,-1,0,1016.685,5.000,0,0,0,0.0,0
714,0,0,0,0,0,-1,0,1016.685,5.000,0,0,0,0.0,0
715,0,0,0,0,0,-1,0,1016.685,5.000,0,0,0,0.0,0
716,0,0,0,0,0,-1,0,1016.685,5.000,0,0,0,0.0,0
717,0,0,0,0,0,-1,0,1016.685,5.000,0,0,0,0.0,0
718,0,0,0,0,0,-1,0,1016.685,5.000,0,0,0,0.0,0
719,0,0,0,0,0,-1,0,1016.685,5.000,0,0,0,0.0,0
720,0,0,0,0,0,-1,0,1016.685,5.000,0,0,0,0.0,0
721,0,0,0,0,0,-1,0,1016.685,5.000,0,0,0,0.0,0
722,0,0,0,0,0,-1,0,1016.685,5.000,0,0,0,0.0,0
723,0,0,0,0,0,-1,0,1016.685,5.000,0,0,0,0.0,0
724,0,0,0,0,0,-1,0,1016.685,5.000,0,0,0,0.0,0
725,0,0,0,0,0,-1,0,1016.685,5.000,0,0,0,0.0,0
726,0,0,0,0,0,-1,0,1016.685,5.000,0,0,0,0.0,0
727,0,0,0,0,0,-1,0,1016.685,5.000,0,0,0,0.0,0
728,0,0,0,0,0,-1,0,1016.685,5.000,0,0,0,0.0,0
729,0,0,0,0,0,-1,0,1016.685,5.000,0,0,0,0.0,0
730,0,0,0,0,0,-1,0,1016.685,5.000,0,0,0,0.0,0
731,0,0,0,0,0,-1,0,1016.685,5.000,0,0,0,0.0,0
732,0,0,0,0,0,-1,0,1016.685,5.000,0,0,0,0.0,0
733,0,0,0,0,0,-1,0,1016.685,5.000,0,0,0,0.0,0
734,0,0,0,0,0,-1,0,1016.685,5.000,0,0,0,0.0,0
735,0,0,0,0,0,-1,0,1016.685,5.000,0,0,0,0.0,0
736,0,0,0,0,0,-1,0,1016.685,5.000,0,0,0,0.0,0
737,0,0,0,0,0,-1,0,1016.685,5.000,0,0,0,0.0,0
738,0,0,0,0,0,-1,0,1016.685,5.000,0,0,0,0.0,0
739,0,0,0,0,0,-1,0,1016.685,5.000,0,0,0,0.0,0
740,0,0,0,0,0,-1,0,1016.685,5.000,0,0,0,0.0,0
741,0,0,0,0,0,-1,0,1016.685,5.000,0,0,0,0.0,0
742,0,0,0,0,0,-1,0,1016.685,5.000,0,0,0,0.0,0
743,0,0,0,0,0,-1,0,1016.685,5.000,0,0,0,0.0,0
744,0,0,0,0,0,-1,0,1016.685,5.000,0,0,0,0.0,0
745,0,0,0,0,0,-1,0,1016.685,5.000,0,0,0,0.0,0
746,0,0,0,0,0,-1,0,1016.685,5.000,0,0,0,0.0,0
747,0,0,0,0,0,-1,0,1016.685,5.000,0,0,0,0.0,0
748,0,0,0,0,0,-1,0,1016.685,5.000,0,0,0,0.0,0
749,0,0,0,0,0,-1,0,1016.685,5.000,0,0,0,0.0,0
750,0,0,0,0,0,-1,0,1016.685,5.000,0,0,0,0.0,0
751,0,0,0,0,0,-1,0,1016.685,5.000,0,0,0,0.0,0
752,0,0,0,0,0,-1,0,1016.685,5.000,0,0,0,0.0,0
753,0,0,0,0,0,-1,0,1016.685,5.000,0,0,0,0.0,0
754,0,0,0,0,0,-1,0,1016.685,5.000,0,0,0,0.0,0
755,0,0,0,0,0,-1,0,1016.685,5.000,0,0,0,0.0,0
756,0,0,0,0,0,-1,0,1016.685,5.000,0,0,0,0.0,0
757,0,0,0,0,0,-1,0,1016.685,5.000,0,0,0,0.0,0
758,0,0,0,0,0,-1,0,1016.685,5.000,0,0,0,0.0,0
759,0,0,0,0,0,-1,0,1016.685,5.000,0,0,0,0.0,0
760,0,0,0,0,0,-1,0,1016.685,5.000,0,0,0,0.0,0
761,0,0,0,0,0,-1,0,1016.685,5.000,0,0,0,0.0,0
762,0,0,0,0,0,-1,0,1016.685,5.000,0,0,0,0.0,0
763,0,0,0,0,0,-1,0,1016.685,5.000,0,0,0,0.0,0
764,0,0,0,0,0,-1,0,1016.685,5.000,0,0,0,0.0,0
765,0,0,0,0,0,-1,0,1016.685,5.000,0,0,0,0.0,0
766,0,0,0,0,0,-1,0,1016.685,5.000,0,0,0,0.0,0
767,0,0,0,0,0,-1,0,1016.685,5.000,0,0,0,0.0,0
768,0,0,0,0,0,-1,0,1016.685,5.000,0,0,0,0.0,0
769,0,0,0,0,0,-1,0,1016.685,5.000,0,0,0,0.0,0
770,0,0,0,0,0,-1,0,1016.685,5.000,0,0,0,0.0,0
771,0,0,0,0,0,-1,0,1016.685,5.000,0,0,0,0.0,0
772,0,0,0,0,0,-1,0,1016.685,5.000,0,0,0,0.0,0
773,0,0,0,0,0,-1,0,1016.685,5.000,0,0,0,0.0,0
774,0,0,0,0,0,-1,0,1016.685,5.000,0,0,0,0.0,0
775,0,0,0,0,0,-1,0,1016.685,5.000,0,0,0,0.0,0
776,0,0,0,0,0,-1,0,1016.685,5.000,0,0,0,0.0,0
777,0,0,0,0,0,-1,0,1016.685,5.000,0,0,0,0.0,0
778,0,0,0,0,0,-1,0,1016.685,5.000,0,0,0,0.0,0
779,0,0,0,0,0,-1,0,1016.685,5.000,0,0,0,0.0,0
780,0,0,0,0,0,-1,0,1016.685,5.000,0,0,0,0.0,0
781,0,0,0,0,0,-1,0,1016.685,5.000,0,0,0,0.0,0
782,0,0,0,0,0,-1,0,1016.685,5.000,0,0,0,0.0,0
783,0,0,0,0,0,-1,0,1016.685,5.000,0,0,0,0.0,0
784,0,0,0,0,0,-1,0,1016.685,5.000,0,0,0,0.0,0
785,0,0,0,0,0,-1,0,1016.685,5.000,0,0,0,0.0,0
786,0,0,0,0,0,-1,0,1016.685,5.000,0,0,0,0.0,0
787,0,0,0,0,0,-1,0,1016.685,5.000,0,0,0,0.0,0
788,0,0,0,0,0,-1,0,1016.685,5.000,0,0,0,0.0,0
789,0,0,0,0,0,-1,0,1016.685,5.000,0,0,0,0.0,0
790,0,0,0,0,0,-1,0,1016.685,5.000,0,0,0,0.0,0
791,0,0,0,0,0,-1,0,1016.685,5.000,0,0,0,0.0,0
792,0,0,0,0,0,-1,0,1016.685,5.000,0,0,0,0.0,0
793,0,0,0,0,0,-1,0,1016.685,5.000,0,0,0,0.0,0
794,0,0,0,0,0,-1,0,1016.685,5.000,0,0,0,0.0,0
795,0,0,0,0,0,-1,0,1016.685,5.000,0,0,0,0.0,0
796,0,0,0,0,0,-1,0,1016.685,5.000,0,0,0,0.0,0
797,0,0,0,0,0,-1,0,1016.685,5.000,0,0,0,0.0,0
798,0,0,0,0,0,-1,0,1016.685,5.000,0,0,0,0.0,0
799,0,0,0,0,0,-1,0,1016.685,5.000,0,0,0,0.0,0
800,0,0,0,0,0,-1,0,1016.685,5.000,0,0,0,0.0,0
801,0,0,0,0,0,-1,0,1016.685,5.000,0,0,0,0.0,0
802,0,0,0,0,0,-1,0,1016.685,5.000,0,0,0,0.0,0
803,0,0,0,0,0,-1,0,1016.685,5.000,0,0,0,0.0,0
804,0,0,0,0,0,-1,0,1016.685,5.000,0,0,0,0.0,0
805,0,0,0,0,0,-1,0,1016.685,5.000,0,0,0,0.0,0
806,0,0,0,0,0,-1,0,1016.685,5.000,0,0,0,0.0,0
807,0,0,0,0,0,-1,0,1016.685,5.000,0,0,0,0.0,0
808,0,0,0,0,0,-1,0,1016.685,5.000,0,0,0,0.0,0
809,0,0,0,0,0,-1,0,1016.685,5.000,0,0,0,0.0,0
810,0,0,0,0,0,-1,0,1016.685,5.000,0,0,0,0.0,0
811,0,0,0,0,0,-1,0,1016.685,5.000,0,0,0,0.0,0
812,0,0,0,0,0,-1,0,1016.685,5.000,0,0,0,0.0,0
813,0,0,0,0,0,-1,0,1016.685,5.000,0,0,0,0.0,0
814,0,0,0,0,0,-1,0,1016.685,5.000,0,0,0,0.0,0
815,0,0,0,0,0,-1,0,1016.685,5.000,0,0,0,0.0,0
816,0,0,0,0,0,-1,0,1016.685,5.000,0,0,0,0.0,0
817,0,0,0,0,0,-1,0,1016.685,5.000,0,0,0,0.0,0
818,0,0,0,0,0,-1,0,1016.685,5.000,0,0,0,0.0,0
819,0,0,0,0,0,-1,0,1016.685,5.000,0,0,0,0.0,0
820,0,0,0,0,0,-1,0,1016.685,5.000,0,0,0,0.0,0
821,0,0,0,0,0,-1,0,1016.685,5.000,0,0,0,0.0,0
822,0,0,0,0,0,-1,0,1016.685,5.000,0,0,0,0.0,0
823,0,0,0,0,0,-1,0,1016.685,5.000,0,0,0,0.0,0
824,0,0,0,0,0,-1,0,1016.685,5.000,0,0,0,0.0,0
825,0,0,0,0,0,-1,0,1016.685,5.000,0,0,0,0.0,0
826,0,0,0,0,0,-1,0,1016.685,5.000,0,0,0,0.0,0
827,0,0,0,0,0,-1,0,1016.685,5.000,0,0,0,0.0,0
828,0,0,0,0,0,-1,0,1016.685,5.000,0,0,0,0.0,0
829,0,0,0,0,0,-1,0,1016.685,5.000,0,0,0,0.0,0
830,0,0,0,0,0,-1,0,1016.685,5.000,0,0,0,0.0,0
831,0,0,0,0,0,-1,0,1016.685,5.000,0,0,0,0.0,0
832,0,0,0,0,0,-1,0,1016.685,5.000,0,0,0,0.0,0
833,0,0,0,0,0,-1,0,1016.685,5.000,0,0,0,0.0,0
834,0,0,0,0,0,-1,0,1016.685,5.000,0,0,0,0.0,0
835,0,0,0,0,0,-1,0,1016.685,5.000,0,0,0,0.0,0
836,0,0,0,0,0,-1,0,1016.685,5.000,0,0,0,0.0,0
837,0,0,0,0,0,-1,0,1016.685,5.000,0,0,0,0.0,0
838,0,0,0,0,0,-1,0,1016.685,5.000,0,0,0,0.0,0
839,0,0,0,0,0,-1,0,1016.685,5.000,0,0,0,0.0,0
840,0,0,0,0,0,-1,0,1016.685,5.000,0,0,0,0.0,0
841,0,0,0,0,0,-1,0,1016.685,5.000,0,0,0,0.0,0
842,0,0,0,0,0,-1,0,1016.685,5.000,0,0,0,0.0,0
843,0,0,0,0,0,-1,0,1016.685,5.000,0,0,0,0.0,0
844,0,0,0,0,0,-1,0,1016.685,5.000,0,0,0,0.0,0
845,0,0,0,0,0,-1,0,1016.685,5.000,0,0,0,0.0,0
846,0,0,0,0,0,-1,0,1016.685,5.000,0,0,0,0.0,0
847,0,0,0,0,0,-1,0,1016.685,5.000,0,0,0,0.0,0
848,0,0,0,0,0,-1,0,1016.685,5.000,0,0,0,0.0,0
849,0,0,0,0,0,-1,0,1016.685,5.000,0,0,0,0.0,0
850,0,0,0,0,0,-1,0,1016.685,5.000,0,0,0,0.0,0
851,0,0,0,0,0,-1,0,1016.685,5.000,0,0,0,0.0,0
852,0,0,0,0,0,-1,0,1016.685,5.000,0,0,0,0.0,0
853,0,0,0,0,0,-1,0,1016.685,5.000,0,0,0,0.0,0
854,0,0,0,0,0,-1,0,1016.685,5.000,0,0,0,0.0,0
855,0,0,0,0,0,-1,0,1016.685,5.000,0,0,0,0.0,0
856,0,0,0,0,0,-1,0,1016.685,5.000,0,0,0,0.0,0
857,0,0,0,0,0,-1,0,1016.685,5.000,0,0,0,0.0,0
858,0,0,0,0,0,-1,0,1016.685,5.000,0,0,0,0.0,0
859,0,0,0,0,0,-1,0,1016.685,5.000,0,0,0,0.0,0
860,0,0,0,0,0,-1,0,1016.685,5.000,0,0,0,0.0,0
861,0,0,0,0,0,-1,0,1016.685,5.000,0,0,0,0.0,0
862,0,0,0,0,0,-1,0,1016.685,5.000,0,0,0,0.0,0
863,0,0,0,0,0,-1,0,1016.685,5.000,0,0,0,0.0,0
864,0,0,0,0,0,-1,0,1016.685,5.000,0,0,0,0.0,0
865,0,0,0,0,0,-1,0,1016.685,5.000,0,0,0,0.0,0
866,0,0,0,0,0,-1,0,1016.685,5.000,0,0,0,0.0,0
867,0,0,0,0,0,-1,0,1016.685,5.000,0,0,0,0.0,0
868,0,0,0,0,0,-1,0,1016.685,5.000,0,0,0,0.0,0
869,0,0,0,0,0,-1,0,1016.685,5.000,0,0,0,0.0,0
870,0,0,0,0,0,-1,0,1016.685,5.000,0,0,0,0.0,0
871,0,0,0,0,0,-1,0,1016.685,5.000,0,0,0,0.0,0
872,0,0,0,0,0,-1,0,1016.685,5.000,0,0,0,0.0,0
873,0,0,0,0,0,-1,0,1016.685,5.000,0,0,0,0.0,0
874,0,0,0,0,0,-1,0,1016.685,5.000,0,0,0,0.0,0
875,0,0,0,0,0,-1,0,1016.685,5.000,0,0,0,0.0,0
876,0,0,0,0,0,-1,0,1016.685,5.000,0,0,0,0.0,0
877,0,0,0,0,0,-1,0,1016.685,5.000,0,0,0,0.0,0
878,0,0,0,0,0,-1,0,1016.685,5.000,0,0,0,0.0,0
879,0,0,0,0,0,-1,0,1016.685,5.000,0,0,0,0.0,0
880,0,0,0,0,0,-1,0,1016.685,5.000,0,0,0,0.0,0
881,0,0,0,0,0,-1,0,1016.685,5.000,0,0,0,0.0,0
882,0,0,0,0,0,-1,0,1016.685,5.000,0,0,0,0.0,0
883,0,0,0,0,0,-1,0,1016.685,5.000,0,0,0,0.0,0
884,0,0,0,0,0,-1,0,1016.685,5.000,0,0,0,0.0,0
885,0,0,0,0,0,-1,0,1016.685,5.000,0,0,0,0.0,0
886,0,0,0,0,0,-1,0,1016.685,5.000,0,0,0,0.0,0
887,0,0,0,0,0,-1,0,1016.685,5.000,0,0,0,0.0,0
888,0,0,0,0,0,-1,0,1016.685,5.000,0,0,0,0.0,0
889,0,0,0,0,0,-1,0,1016.685,5.000,0,0,0,0.0,0
890,0,0,0,0,0,-1,0,1016.685,5.000,0,0,0,0.0,0
891,0,0,0,0,0,-1,0,1016.685,5.000,0,0,0,0.0,0
892,0,0,0,0,0,-1,0,1016.685,5.000,0,0,0,0.0,0
893,0,0,0,0,0,-1,0,1016.685,5.000,0,0,0,0.0,0
894,0,0,0,0,0,-1,0,1016.685,5.000,0,0,0,0.0,0
895,0,0,0,0,0,-1,0,1016.685,5.000,0,0,0,0.0,0
896,0,0,0,0,0,-1,0,1016.685,5.000,0,0,0,0.0,0
897,0,0,0,0,0,-1,0,1016.685,5.000,0,0,0,0.0,0
898,0,0,0,0,0,-1,0,1016.685,5.000,0,0,0,0.0,0
899,0,0,0,0,0,-1,0,1016.685,5.000,0,0,0,0.0,0
900,0,0,0,0,0,-1,0,1016.685,5.000,0,0,0,0.0,0
901,0,0,0,0,0,-1,0,1016.685,5.000,0,0,0,0.0,0
902,0,0,0,0,0,-1,0,1016.685,5.000,0,0,0,0.0,0
903,0,0,0,0,0,-1,0,1016.685,5.000,0,0,0,0.0,0
904,0,0,0,0,0,-1,0,1016.685,5.000,0,0,0,0.0,0
905,0,0,0,0,0,-1,0,1016.685,5.000,0,0,0,0.0,0
906,0,0,0,0,0,-1,0,1016.685,5.000,0,0,0,0.0,0
907,0,0,0,0,0,-1,0,1016.685,5.000,0,0,0,0.0,0
908,0,0,0,0,0,-1,0,1016.685,5.000,0,0,0,0.0,0
909,0,0,0,0,0,-1,0,1016.685,5.000,0,0,0,0.0,0
910,0,0,0,0,0,-1,0,1016.685,5.000,0,0,0,0.0,0
911,0,0,0,0,0,-1,0,1016.685,5.000,0,0,0,0.0,0
912,0,0,0,0,0,-1,0,1016.685,5.000,0,0,0,0.0,0
913,0,0,0,0,0,-1,0,1016.685,5.000,0,0,0,0.0,0
914,0,0,0,0,0,-1,0,1016.685,5.000,0,0,0,0.0,0
915,0,0,0,0,0,-1,0,1016.685,5.000,0,0,0,0.0,0
916,0,0,0,0,0,-1,0,1016.685,5.000,0,0,0,0.0,0
917,0,0,0,0,0,-1,0,1016.685,5.000,0,0,0,0.0,0
918,0,0,0,0,0,-1,0,1016.685,5.000,0,0,0,0.0,0
919,0,0,0,0,0,-1,0,1016.685,5.000,0,0,0,0.0,0
920,0,0,0,0,0,-1,0,1016.685,5.000,0,0,0,0.0,0
921,0,0,0,0,0,-1,0,1016.685,5.000,0,0,0,0.0,0
922,0,0,0,0,0,-1,0,1016.685,5.000,0,0,0,0.0,0
923,0,0,0,0,0,-1,0,1016.685,5.000,0,0,0,0.0,0
924,0,0,0,0,0,-1,0,1016.685,5.000,0,0,0,0.0,0
925,0,0,0,0,0,-1,0,1016.685,5.000,0,0,0,0.0,0
926,0,0,0,0,0,-1,0,1016.685,5.000,0,0,0,0.0,0
927,0,0,0,0,0,-1,0,1016.685,5.000,0,0,0,0.0,0
928,0,0,0,0,0,-1,0,1016.685,5.000,0,0,0,0.0,0
929,0,0,0,0,0,-1,0,1016.685,5.000,0,0,0,0.0,0
930,0,0,0,0,0,-1,0,1016.685,5.000,0,0,0,0.0,0
931,0,0,0,0,0,-1,0,1016.685,5.000,0,0,0,0.0,0
932,0,0,0,0,0,-1,0,1016.685,5.000,0,0,0,0.0,0
933,0,0,0,0,0,-1,0,1016.685,5.000,0,0,0,0.0,0
934,0,0,0,0,0,-1,0,1016.685,5.000,0,0,0,0.0,0
935,0,0,0,0,0,-1,0,1016.685,5.000,0,0,0,0.0,0
936,0,0,0,0,0,-1,0,1016.685,5.000,0,0,0,0.0,0
937,0,0,0,0,0,-1,0,1016.685,5.000,0,0,0,0.0,0
938,0,0,0,0,0,-1,0,1016.685,5.000,0,0,0,0.0,0
939,0,0,0,0,0,-1,0,1016.685,5.000,0,0,0,0.0,0
940,0,0,0,0,0,-1,0,1016.685,5.000,0,0,0,0.0,0
941,0,0,0,0,0,-1,0,1016.685,5.000,0,0,0,0.0,0
942,0,0,0,0,0,-1,0,1016.685,5.000,0,0,0,0.0,0
943,0,0,0,0,0,-1,0,1016.685,5.000,0,0,0,0.0,0
944,0,0,0,0,0,-1,0,1016.685,5.000,0,0,0,0.0,0
945,0,0,0,0,0,-1,0,1016.685,5.000,0,0,0,0.0,0
946,0,0,0,0,0,-1,0,1016.685,5.000,0,0,0,0.0,0
947,0,0,0,0,0,-1,0,1016.685,5.000,0,0,0,0.0,0
948,0,0,0,0,0,-1,0,1016.685,5.000,0,0,0,0.0,0
949,0,0,0,0,0,-1,0,1016.685,5.000,0,0,0,0.0,0
950,0,0,0,0,0,-1,0,1016.685,5.000,0,0,0,0.0,0
951,0,0,0,0,0,-1,0,1016.685,5.000,0,0,0,0.0,0
952,0,0,0,0,0,-1,0,1016.685,5.000,0,0,0,0.0,0
953,0,0,0,0,0,-1,0,1016.685,5.000,0,0,0,0.0,0
954,0,0,0,0,0,-1,0,1016.685,5.000,0,0,0,0.0,0
955,0,0,0,0,0,-1,0,1016.685,5.000,0,0,0,0.0,0
956,0,0,0,0,0,-1,0,1016.685,5.000,0,0,0,0.0,0
957,0,0,0,0,0,-1,0,1016.685,5.000,0,0,0,0.0,0
958,0,0,0,0,0,-1,0,1016.685,5.000,0,0,0,0.0,0
959,0,0,0,0,0,-1,0,1016.685,5.000,0,0,0,0.0,0
960,0,0,0,0,0,-1,0,1016.685,5.000,0,0,0,0.0,0
961,0,0,0,0,0,-1,0,1016.685,5.000,0,0,0,0.0,0
962,0,0,0,0,0,-1,0,1016.685,5.000,0,0,0,0.0,0
963,0,0,0,0,0,-1,0,1016.685,5.000,0,0,0,0.0,0
964,0,0,0,0,0,-1,0,1016.685,5.000,0,0,0,0.0,0
965,0,0,0,0,0,-1,0,1016.685,5.000,0,0,0,0.0,0
966,0,0,0,0,0,-1,0,1016.685,5.000,0,0,0,0.0,0
967,0,0,0,0,0,-1,0,1016.685,5.000,0,0,0,0.0,0
968,0,0,0,0,0,-1,0,1016.685,5.000,0,0,0,0.0,0
969,0,0,0,0,0,-1,0,1016.685,5.000,0,0,0,0.0,0
970,0,0,0,0,0,-1,0,1016.685,5.000,0,0,0,0.0,0
971,0,0,0,0,0,-1,0,1016.685,5.000,0,0,0,0.0,0
972,0,0,0,0,0,-1,0,1016.685,5.000,0,0,0,0.0,0
973,0,0,0,0,0,-1,0,1016.685,5.000,0,0,0,0.0,0
974,0,0,0,0,0,-1,0,1016.685,5.000,0,0,0,0.0,0
975,0,0,0,0,0,-1,0,1016.685,5.000,0,0,0,0.0,0
976,0,0,0,0,0,-1,0,1016.685,5.000,0,0,0,0.0,0
977,0,0,0,0,0,-1,0,1016.685,5.000,0,0,0,0.0,0
978,0,0,0,0,0,-1,0,1016.685,5.000,0,0,0,0.0,0
979,0,0,0,0,0,-1,0,1016.685,5.000,0,0,0,0.0,0
980,0,0,0,0,0,-1,0,1016.685,5.000,0,0,0,0.0,0
981,0,0,0,0,0,-1,0,1016.685,5.000,0,0,0,0.0,0
982,0,0,0,0,0,-1,0,1016.685,5.000,0,0,0,0.0,0
983,0,0,0,0,0,-1,0,1016.685,5.000,0,0,0,0.0,0
984,0,0,0,0,0,-1,0,1016.685,5.000,0,0,0,0.0,0
985,0,0,0,0,0,-1,0,1016.685,5.000,0,0,0,0.0,0
986,0,0,0,0,0,-1,0,1016.685,5.000,0,0,0,0.0,0
987,0,0,0,0,0,-1,0,1016.685,5.000,0,0,0,0.0,0
988,0,0,0,0,0,-1,0,1016.685,5.000,0,0,0,0.0,0
989,0,0,0,0,0,-1,0,1016.685,5.000,0,0,0,0.0,0
990,0,0,0,0,0,-1,0,1016.685,5.000,0,0,0,0.0,0
991,0,0,0,0,0,-1,0,1016.685,5.000,0,0,0,0.0,0
992,0,0,0,0,0,-1,0,1016.685,5.000,0,0,0,0.0,0
993,0,0,0,0,0,-1,0,1016.685,5.000,0,0,0,0.0,0
994,0,0,0,0,0,-1,0,1016.685,5.000,0,0,0,0.0,0
995,0,0,0,0,0,-1,0,1016.685,5.000,0,0,0,0.0,0
996,0,0,0,0,0,-1,0,1016.685,5.000,0,0,0,0.0,0
997,0,0,0,0,0,-1,0,1016.685,5.000,0,0,0,0.0,0
998,0,0,0,0,0,-1,0,1016.685,5.000,0,0,0,0.0,0
999,0,0,0,0,0,-1,0,1016.685,5.000,0,0,0,0.0,0
1000,0,0,0,0,0,-1,0,1016.685,5.000,0,0,0,0.0,0
