user_id,total_frames,on_time_frames,avg_delay_ms,delay_reliability,user_satisfied,avg_mse,avg_cqi
0,1200,151,79.102042,0.125833,0,878.843727,14.94
1,1800,1,270.471483,0.000556,0,999.469277,13.93
2,1200,24,50.384680,0.020000,0,980.475230,13.98
3,2400,0,206.127266,0.000000,0,1000.000000,14.53
4,1800,0,149.814748,0.000000,0,1000.000000,13.88
5,1440,89,139.984161,0.061806,0,940.693987,14.67
6,2400,1,188.104880,0.000417,0,999.598466,14.18
7,1200,118,96.303116,0.098333,0,904.857010,14.84
8,1200,71,136.796636,0.059167,0,943.297220,13.98
