frameNumber,components,mse,sizeBytes,genTime,recvTime,delay_ms,receivedOnTime,effectiveError,deadline_ms
1,60,61.1505,93648,0.023513105,0.028000000,4.486895,1,61.150546,5.000000
2,60,59.044716,93648,0.030575896,0.035000000,4.424104,1,59.044716,5.000000
3,60,59.240263,93648,0.038084034,0.044500000,6.415966,0,1042.178364,5.000000
4,60,58.094532,93648,0.044279914,0.049000000,4.720086,1,58.094532,5.000000
5,60,59.795917,93648,0.053736666,0.058000000,4.263334,1,59.795917,5.000000
6,60,57.151582,93648,0.062035829,0.068000000,5.964171,0,1042.178364,5.000000
7,60,56.201270,93648,0.068920376,0.073000000,4.079624,1,56.201270,5.000000
8,60,54.469887,93648,0.073847569,0.078500000,4.652431,1,54.469887,5.000000
9,60,54.263001,93648,0.080347686,0.087000000,6.652314,0,1042.178364,5.000000
10,60,52.491500,93648,0.085278042,0.091000000,5.721958,0,1042.178364,5.000000
11,60,53.883793,93648,0.090421198,0.096000000,5.578802,0,1042.178364,5.000000
12,60,53.814973,93648,0.095584692,0.102500000,6.915308,0,1042.178364,5.000000
13,60,55.606825,93648,0.101456928,0.113500000,12.043072,0,1042.178364,5.000000
14,60,53.146979,93648,0.110414174,0.116500000,6.085826,0,1042.178364,5.000000
15,60,55.170096,93648,0.115283551,0.121000000,5.716449,0,1042.178364,5.000000
16,60,52.956207,93648,0.126658212,0.131500000,4.841788,1,52.956207,5.000000
17,60,56.119629,93648,0.131962152,0.138000000,6.037848,0,1042.178364,5.000000
18,60,55.223794,93648,0.138587856,0.143000000,4.412144,1,55.223794,5.000000
19,60,57.705929,93648,0.144373550,0.150500000,6.126450,0,1042.178364,5.000000
20,60,57.354683,93648,0.149459964,0.155000000,5.540036,0,1042.178364,5.000000
21,60,61.064142,93648,0.156094874,0.161000000,4.905126,1,61.064142,5.000000
22,60,57.609807,93648,0.161402807,0.167000000,5.597193,0,1042.178364,5.000000
23,60,60.336136,93648,0.167117636,0.171500000,4.382364,1,60.336136,5.000000
24,60,61.244163,93648,0.174042660,0.180000000,5.957340,0,1042.178364,5.000000
25,60,62.464332,93648,0.179022815,0.184500000,5.477185,0,1042.178364,5.000000
26,60,58.895149,93648,0.185453496,0.189500000,4.046504,1,58.895149,5.000000
27,60,60.250364,93648,0.190653326,0.197500000,6.846674,0,1042.178364,5.000000
28,60,60.236893,93648,0.196151861,0.200500000,4.348139,1,60.236893,5.000000
29,60,64.735539,93648,0.201118860,0.209500000,8.381140,0,1042.178364,5.000000
30,60,62.269311,93648,0.205666013,0.214000000,8.333987,0,1042.178364,5.000000
31,60,62.976699,93648,0.213337343,0.219500000,6.162657,0,1042.178364,5.000000
32,60,60.945608,93648,0.218606103,0.226000000,7.393897,0,1042.178364,5.000000
33,60,63.914699,93648,0.223720186,0.229000000,5.279814,0,1042.178364,5.000000
34,60,58.405476,93648,0.228699249,0.234500000,5.800751,0,1042.178364,5.000000
35,60,60.916854,93648,0.234175233,0.240000000,5.824767,0,1042.178364,5.000000
36,60,61.242451,93648,0.240564385,0.245000000,4.435615,1,61.242451,5.000000
37,60,64.848345,93648,0.245512387,0.253000000,7.487613,0,1042.178364,5.000000
38,60,63.324187,93648,0.249997268,0.256500000,6.502732,0,1042.178364,5.000000
39,60,64.256374,93648,0.256755435,0.262000000,5.244565,0,1042.178364,5.000000
40,60,61.773935,93648,0.265011654,0.270000000,4.988346,1,61.773935,5.000000
41,60,64.109197,93648,0.270392696,0.274500000,4.107304,1,64.109197,5.000000
42,60,61.197791,93648,0.275700070,0.282500000,6.799930,0,1042.178364,5.000000
43,60,62.741734,93648,0.280103259,0.285000000,4.896741,1,62.741734,5.000000
44,60,63.171674,93648,0.285280456,0.289500000,4.219544,1,63.171674,5.000000
45,60,63.608233,93648,0.292265845,0.300000000,7.734155,0,1042.178364,5.000000
46,60,60.249643,93648,0.296741422,0.303000000,6.258578,0,1042.178364,5.000000
47,60,62.276596,93648,0.304357198,0.319000000,14.642802,0,1042.178364,5.000000
48,60,60.588480,93648,0.308832840,0.325500000,16.667160,0,1042.178364,5.000000
49,60,63.548569,93648,0.317217077,0.329500000,12.282923,0,1042.178364,5.000000
50,60,63.409176,93648,0.321787056,0.331500000,9.712944,0,1042.178364,5.000000
51,60,65.461317,93648,0.330003761,0.338000000,7.996239,0,1042.178364,5.000000
52,60,68.179114,93648,0.337295069,0.343500000,6.204931,0,1042.178364,5.000000
53,60,65.842567,93648,0.343373279,0.349500000,6.126721,0,1042.178364,5.000000
54,60,67.178361,93648,0.348310599,0.355000000,6.689401,0,1042.178364,5.000000
55,60,66.287827,93648,0.352909080,0.358500000,5.590920,0,1042.178364,5.000000
56,60,68.947355,93648,0.358574183,0.366000000,7.425817,0,1042.178364,5.000000
57,60,68.794571,93648,0.365931814,0.373000000,7.068186,0,1042.178364,5.000000
58,60,69.377060,93648,0.372635272,0.380500000,7.864728,0,1042.178364,5.000000
59,60,71.075920,93648,0.379478268,0.384000000,4.521732,1,71.075920,5.000000
60,60,67.175286,93648,0.384504626,0.393000000,8.495374,0,1042.178364,5.000000
61,60,68.039814,93648,0.389790869,0.396000000,6.209131,0,1042.178364,5.000000
62,60,67.399764,93648,0.396562649,0.402500000,5.937351,0,1042.178364,5.000000
63,60,68.199674,93648,0.404058229,0.412500000,8.441771,0,1042.178364,5.000000
64,60,64.824526,93648,0.409772337,0.420000000,10.227663,0,1042.178364,5.000000
65,60,62.352075,93648,0.414785038,0.424000000,9.214962,0,1042.178364,5.000000
66,60,60.577671,93648,0.419169574,0.427000000,7.830426,0,1042.178364,5.000000
67,60,60.881768,93648,0.427277374,0.435500000,8.222626,0,1042.178364,5.000000
68,60,57.121455,93648,0.434479534,0.441000000,6.520466,0,1042.178364,5.000000
69,60,58.418355,93648,0.440549975,0.447000000,6.450025,0,1042.178364,5.000000
70,60,58.449197,93648,0.446354815,0.453000000,6.645185,0,1042.178364,5.000000
71,60,60.919445,93648,0.450957636,0.456000000,5.042364,0,1042.178364,5.000000
72,60,56.955611,93648,0.455986033,0.463000000,7.013967,0,1042.178364,5.000000
73,60,58.005332,93648,0.464254898,0.472500000,8.245102,0,1042.178364,5.000000
74,60,58.273107,93648,0.470362807,0.476500000,6.137193,0,1042.178364,5.000000
75,60,59.105684,93648,0.476679222,0.483000000,6.320778,0,1042.178364,5.000000
76,60,56.921808,93648,0.481267112,0.489000000,7.732888,0,1042.178364,5.000000
77,60,58.972451,93648,0.487365569,0.495000000,7.634431,0,1042.178364,5.000000
78,60,58.228050,93648,0.493827139,0.498000000,4.172861,1,58.228050,5.000000
79,60,59.318207,93648,0.499731765,0.507500000,7.768235,0,1042.178364,5.000000
80,60,58.879381,93648,0.506086378,0.512000000,5.913622,0,1042.178364,5.000000
81,60,59.813938,93648,0.513298367,0.521500000,8.201633,0,1042.178364,5.000000
82,60,58.772474,93648,0.517656946,0.527000000,9.343054,0,1042.178364,5.000000
83,60,59.443513,93648,0.523235717,0.532000000,8.764283,0,1042.178364,5.000000
84,60,58.385525,93648,0.530139589,0.535500000,5.360411,0,1042.178364,5.000000
85,60,61.339561,93648,0.536038772,0.543000000,6.961228,0,1042.178364,5.000000
86,60,59.666638,93648,0.542003457,0.546500000,4.496543,1,59.666638,5.000000
87,60,59.041078,93648,0.548744317,0.556500000,7.755683,0,1042.178364,5.000000
88,60,58.912794,93648,0.555166005,0.561000000,5.833995,0,1042.178364,5.000000
89,60,58.818293,93648,0.560466543,0.566500000,6.033457,0,1042.178364,5.000000
90,60,59.477748,93648,0.565444531,0.571500000,6.055469,0,1042.178364,5.000000
91,60,61.049841,93648,0.570969656,0.575000000,4.030344,1,61.049841,5.000000
92,60,61.545458,93648,0.575317804,0.581500000,6.182196,0,1042.178364,5.000000
93,60,63.506342,93648,0.581171012,0.586000000,4.828988,1,63.506342,5.000000
94,60,60.942744,93648,0.587769273,0.593500000,5.730727,0,1042.178364,5.000000
95,60,60.940403,93648,0.593045335,0.599000000,5.954665,0,1042.178364,5.000000
96,60,59.175032,93648,0.602669059,0.613000000,10.330941,0,1042.178364,5.000000
97,60,60.513279,93648,0.607228716,0.617500000,10.271284,0,1042.178364,5.000000
98,60,58.859583,93648,0.612951010,0.621500000,8.548990,0,1042.178364,5.000000
99,60,59.495693,93648,0.621283248,0.627000000,5.716752,0,1042.178364,5.000000
100,60,59.949993,93648,0.626632705,0.631000000,4.367295,1,59.949993,5.000000
101,60,62.488770,93648,0.630988241,0.638000000,7.011759,0,1042.178364,5.000000
102,60,59.321472,93648,0.635586321,0.640500000,4.913679,1,59.321472,5.000000
103,60,57.313872,93648,0.640254247,0.645000000,4.745753,1,57.313872,5.000000
104,60,56.464047,93648,0.646323380,0.651500000,5.176620,0,1042.178364,5.000000
105,60,54.577666,93648,0.651184264,0.657000000,5.815736,0,1042.178364,5.000000
106,60,55.556549,93648,0.656090326,0.660500000,4.409674,1,55.556549,5.000000
107,60,56.222158,93648,0.661923820,0.669000000,7.076180,0,1042.178364,5.000000
108,60,58.720131,93648,0.667564405,0.672000000,4.435595,1,58.720131,5.000000
109,60,56.993646,93648,0.673732160,0.681000000,7.267840,0,1042.178364,5.000000
110,60,58.107881,93648,0.683028049,0.687500000,4.471951,1,58.107881,5.000000
111,60,55.464334,93648,0.688928532,0.697500000,8.571468,0,1042.178364,5.000000
112,60,56.313457,93648,0.695428264,0.700500000,5.071736,0,1042.178364,5.000000
113,60,54.601120,93648,0.700309217,0.706000000,5.690783,0,1042.178364,5.000000
114,60,55.189283,93648,0.705241833,0.717500000,12.258167,0,1042.178364,5.000000
115,60,54.488342,93648,0.711565818,0.724000000,12.434182,0,1042.178364,5.000000
116,60,56.283863,93648,0.717974329,0.729500000,11.525671,0,1042.178364,5.000000
117,60,54.949834,93648,0.724228462,0.733000000,8.771538,0,1042.178364,5.000000
118,60,54.758893,93648,0.730034747,0.736000000,5.965253,0,1042.178364,5.000000
119,60,53.228222,93648,0.735525368,0.742000000,6.474632,0,1042.178364,5.000000
120,60,53.854146,93648,0.740167659,0.745000000,4.832341,1,53.854146,5.000000
121,60,53.028670,93648,0.747297351,0.754000000,6.702649,0,1042.178364,5.000000
122,60,54.688776,93648,0.752451124,0.757500000,5.048876,0,1042.178364,5.000000
123,60,55.452333,93648,0.759201431,0.764000000,4.798569,1,55.452333,5.000000
124,60,55.119446,93648,0.764659264,0.771000000,6.340736,0,1042.178364,5.000000
125,60,52.903434,93648,0.769928951,0.774500000,4.571049,1,52.903434,5.000000
126,60,52.522541,93648,0.775123842,0.783000000,7.876158,0,1042.178364,5.000000
127,60,51.967382,93648,0.782260494,0.786500000,4.239506,1,51.967382,5.000000
128,60,53.544529,93648,0.786871017,0.791000000,4.128983,1,53.544529,5.000000
129,60,53.409335,93648,0.792520983,0.799000000,6.479017,0,1042.178364,5.000000
130,60,53.917571,93648,0.799817810,0.804000000,4.182190,1,53.917571,5.000000
131,60,53.098265,93648,0.806361126,0.816500000,10.138874,0,1042.178364,5.000000
132,60,52.426187,93648,0.810917588,0.820000000,9.082412,0,1042.178364,5.000000
133,60,51.984981,93648,0.816740726,0.824000000,7.259274,0,1042.178364,5.000000
134,60,49.027013,93648,0.821097229,0.829000000,7.902771,0,1042.178364,5.000000
135,60,51.841416,93648,0.826025440,0.832000000,5.974560,0,1042.178364,5.000000
136,60,51.341620,93648,0.831222895,0.835500000,4.277105,1,51.341620,5.000000
137,60,52.049913,93648,0.838069788,0.844500000,6.430212,0,1042.178364,5.000000
138,60,51.797734,93648,0.844225066,0.848500000,4.274934,1,51.797734,5.000000
139,60,51.527472,93648,0.849935976,0.856500000,6.564024,0,1042.178364,5.000000
140,60,51.329195,93648,0.854318431,0.858500000,4.181569,1,51.329195,5.000000
141,60,49.143726,93648,0.860875192,0.869500000,8.624808,0,1042.178364,5.000000
142,60,50.822242,93648,0.866405179,0.872500000,6.094821,0,1042.178364,5.000000
143,60,48.338594,93648,0.872694053,0.878000000,5.305947,0,1042.178364,5.000000
144,60,49.174832,93648,0.880313329,0.885000000,4.686671,1,49.174832,5.000000
145,60,48.821022,93648,0.885276849,0.891000000,5.723151,0,1042.178364,5.000000
146,60,47.336661,93648,0.891601417,0.900000000,8.398583,0,1042.178364,5.000000
147,60,44.920074,93648,0.896189410,0.902000000,5.810590,0,1042.178364,5.000000
148,60,47.439082,93648,0.902919756,0.910000000,7.080244,0,1042.178364,5.000000
149,60,49.815921,93648,0.910397988,0.916000000,5.602012,0,1042.178364,5.000000
150,60,47.287534,93648,0.915008137,0.919500000,4.491863,1,47.287534,5.000000
151,60,49.537985,93648,0.920681541,0.926500000,5.818459,0,1042.178364,5.000000
152,60,48.141603,93648,0.925139077,0.929500000,4.360923,1,48.141603,5.000000
153,60,48.266480,93648,0.931709664,0.937500000,5.790336,0,1042.178364,5.000000
154,60,47.500358,93648,0.936869016,0.942500000,5.630984,0,1042.178364,5.000000
155,60,48.629817,93648,0.942559090,0.947500000,4.940910,1,48.629817,5.000000
156,60,49.830770,93648,0.947010286,0.952500000,5.489714,0,1042.178364,5.000000
157,60,51.850012,93648,0.952061706,0.957500000,5.438294,0,1042.178364,5.000000
158,60,52.643297,93648,0.957648200,0.962500000,4.851800,1,52.643297,5.000000
159,60,55.484945,93648,0.962115350,0.967500000,5.384650,0,1042.178364,5.000000
160,60,54.276620,93648,0.966891201,0.972500000,5.608799,0,1042.178364,5.000000
161,60,52.716166,93648,0.972699108,0.978000000,5.300892,0,1042.178364,5.000000
162,60,51.281110,93648,0.978666744,0.984500000,5.833256,0,1042.178364,5.000000
163,60,51.367806,93648,0.984905814,0.990000000,5.094186,0,1042.178364,5.000000
164,60,51.167573,93648,0.989403990,0.994000000,4.596010,1,51.167573,5.000000
165,60,52.591033,93648,0.994009918,1.000000000,5.990082,0,1042.178364,5.000000
166,60,50.388473,93648,1.000274391,1.005500000,5.225609,0,1042.178364,5.000000
167,60,51.716669,93648,1.006646978,1.015000000,8.353022,0,1042.178364,5.000000
168,60,52.046880,93648,1.014496352,1.020500000,6.003648,0,1042.178364,5.000000
169,60,52.983737,93648,1.020025086,1.025500000,5.474914,0,1042.178364,5.000000
170,60,52.975082,93648,1.025080389,1.030000000,4.919611,1,52.975082,5.000000
171,60,53.161865,93648,1.031574148,1.037500000,5.925852,0,1042.178364,5.000000
172,60,51.429877,93648,1.036038066,1.041500000,5.461934,0,1042.178364,5.000000
173,60,53.441814,93648,1.040715626,1.045000000,4.284374,1,53.441814,5.000000
174,60,51.450245,93648,1.045782342,1.051500000,5.717658,0,1042.178364,5.000000
175,60,50.246255,93648,1.051075438,1.056000000,4.924562,1,50.246255,5.000000
176,60,51.770647,93648,1.059416547,1.065000000,5.583453,0,1042.178364,5.000000
177,60,50.832328,93648,1.066214482,1.071500000,5.285518,0,1042.178364,5.000000
178,60,50.154599,93648,1.072492976,1.077500000,5.007024,0,1042.178364,5.000000
179,60,49.933896,93648,1.077559050,1.083500000,5.940950,0,1042.178364,5.000000
180,60,51.916658,93648,1.082507498,1.087500000,4.992502,1,51.916658,5.000000
181,60,53.322777,93648,1.088672354,1.093500000,4.827646,1,53.322777,5.000000
182,60,53.668824,93648,1.093302363,1.099000000,5.697637,0,1042.178364,5.000000
183,60,54.740970,93648,1.101001035,1.109000000,7.998965,0,1042.178364,5.000000
184,60,53.930927,93648,1.105879586,1.112000000,6.120414,0,1042.178364,5.000000
185,60,53.607638,93648,1.110543248,1.119500000,8.956752,0,1042.178364,5.000000
186,60,53.851207,93648,1.115525833,1.121500000,5.974167,0,1042.178364,5.000000
187,60,55.281355,93648,1.120501847,1.126500000,5.998153,0,1042.178364,5.000000
188,60,53.009406,93648,1.125585210,1.132000000,6.414790,0,1042.178364,5.000000
189,60,51.931195,93648,1.131812314,1.138000000,6.187686,0,1042.178364,5.000000
190,60,53.427341,93648,1.137994104,1.143500000,5.505896,0,1042.178364,5.000000
191,60,51.002125,93648,1.145247115,1.151000000,5.752885,0,1042.178364,5.000000
192,60,51.426568,93648,1.150046353,1.154500000,4.453647,1,51.426568,5.000000
193,60,51.523531,93648,1.155369688,1.161000000,5.630312,0,1042.178364,5.000000
194,60,50.036660,93648,1.159892273,1.165500000,5.607727,0,1042.178364,5.000000
195,60,52.546770,93648,1.167082336,1.171500000,4.417664,1,52.546770,5.000000
196,60,51.552356,93648,1.172474198,1.177500000,5.025802,0,1042.178364,5.000000
197,60,52.944299,93648,1.179177899,1.184500000,5.322101,0,1042.178364,5.000000
198,60,53.892820,93648,1.183595883,1.191500000,7.904117,0,1042.178364,5.000000
199,60,54.605183,93648,1.190036952,1.195500000,5.463048,0,1042.178364,5.000000
200,60,57.493764,93648,1.194555107,1.201000000,6.444893,0,1042.178364,5.000000
201,60,56.738546,93648,1.202854161,1.211000000,8.145839,0,1042.178364,5.000000
202,60,57.484121,93648,1.207320246,1.214000000,6.679754,0,1042.178364,5.000000
203,60,56.528907,93648,1.214112709,1.220500000,6.387291,0,1042.178364,5.000000
204,60,57.687035,93648,1.219842168,1.225000000,5.157832,0,1042.178364,5.000000
205,60,59.160345,93648,1.225358557,1.230000000,4.641443,1,59.160345,5.000000
206,60,58.704116,93648,1.233682472,1.238500000,4.817528,1,58.704116,5.000000
207,60,59.452184,93648,1.239045345,1.244000000,4.954655,1,59.452184,5.000000
208,60,57.344920,93648,1.243822261,1.250000000,6.177739,0,1042.178364,5.000000
209,60,57.811874,93648,1.248539597,1.253500000,4.960403,1,57.811874,5.000000
210,60,58.274440,93648,1.254511481,1.260000000,5.488519,0,1042.178364,5.000000
211,60,57.874805,93648,1.262064173,1.266500000,4.435827,1,57.874805,5.000000
212,60,57.710089,93648,1.268121524,1.272500000,4.378476,1,57.710089,5.000000
213,60,60.755972,93648,1.275102177,1.281000000,5.897823,0,1042.178364,5.000000
214,60,59.697884,93648,1.279479544,1.284000000,4.520456,1,59.697884,5.000000
215,60,61.893938,93648,1.288211068,1.295000000,6.788932,0,1042.178364,5.000000
216,60,63.520472,93648,1.294372752,1.298500000,4.127248,1,63.520472,5.000000
217,60,67.525689,93648,1.300154243,1.312500000,12.345757,0,1042.178364,5.000000
218,60,66.823498,93648,1.304594518,1.316500000,11.905482,0,1042.178364,5.000000
219,60,66.307988,93648,1.311301767,1.321500000,10.198233,0,1042.178364,5.000000
220,60,67.135003,93648,1.316374564,1.327500000,11.125436,0,1042.178364,5.000000
221,60,68.216365,93648,1.323983656,1.329500000,5.516344,0,1042.178364,5.000000
222,60,68.743828,93648,1.332231257,1.338000000,5.768743,0,1042.178364,5.000000
223,60,68.101199,93648,1.337042527,1.341000000,3.957473,1,68.101199,5.000000
224,60,69.599392,93648,1.343165608,1.349500000,6.334392,0,1042.178364,5.000000
225,60,72.358465,93648,1.348392978,1.353500000,5.107022,0,1042.178364,5.000000
226,60,73.526662,93648,1.355035791,1.361000000,5.964209,0,1042.178364,5.000000
227,60,75.252645,93648,1.360787713,1.366500000,5.712287,0,1042.178364,5.000000
228,60,75.102860,93648,1.368513810,1.377500000,8.986190,0,1042.178364,5.000000
229,60,73.730564,93648,1.374787406,1.380000000,5.212594,0,1042.178364,5.000000
230,60,73.449503,93648,1.379795198,1.384000000,4.204802,1,73.449503,5.000000
231,60,74.128226,93648,1.386806097,1.392000000,5.193903,0,1042.178364,5.000000
232,60,70.874861,93648,1.391983162,1.396500000,4.516838,1,70.874861,5.000000
233,60,71.391817,93648,1.397027868,1.403500000,6.472132,0,1042.178364,5.000000
234,60,74.434492,93648,1.403474717,1.410000000,6.525283,0,1042.178364,5.000000
235,60,72.535942,93648,1.407899099,1.419000000,11.100901,0,1042.178364,5.000000
236,60,73.052982,93648,1.414046570,1.423500000,9.453430,0,1042.178364,5.000000
237,60,71.898320,93648,1.418466807,1.425500000,7.033193,0,1042.178364,5.000000
238,60,75.556286,93648,1.424748979,1.429500000,4.751021,1,75.556286,5.000000
239,60,75.056713,93648,1.434692256,1.439500000,4.807744,1,75.056713,5.000000
240,60,79.084561,93648,1.443487539,1.448000000,4.512461,1,79.084561,5.000000
241,60,78.679102,93648,1.450259366,1.455500000,5.240634,0,1042.178364,5.000000
242,60,78.572064,93648,1.459323502,1.463500000,4.176498,1,78.572064,5.000000
243,60,75.996868,93648,1.465164984,1.471000000,5.835016,0,1042.178364,5.000000
244,60,75.980817,93648,1.470149386,1.474500000,4.350614,1,75.980817,5.000000
245,60,73.112557,93648,1.476143963,1.481500000,5.356037,0,1042.178364,5.000000
246,60,71.867442,93648,1.481019490,1.487500000,6.480510,0,1042.178364,5.000000
247,60,72.205953,93648,1.485523162,1.490500000,4.976838,1,72.205953,5.000000
248,60,72.350083,93648,1.490250125,1.495000000,4.749875,1,72.350083,5.000000
249,60,71.500518,93648,1.497097010,1.502000000,4.902990,1,71.500518,5.000000
250,60,75.476960,93648,1.502589082,1.509000000,6.410918,0,1042.178364,5.000000
251,60,76.637178,93648,1.508117347,1.516500000,8.382653,0,1042.178364,5.000000
252,60,75.761002,93648,1.513432188,1.518500000,5.067812,0,1042.178364,5.000000
253,60,75.822387,93648,1.520973898,1.527500000,6.526102,0,1042.178364,5.000000
254,60,74.009514,93648,1.527407824,1.531500000,4.092176,1,74.009514,5.000000
255,60,74.241604,93648,1.532121684,1.538000000,5.878316,0,1042.178364,5.000000
256,60,71.747014,93648,1.536498581,1.542500000,6.001419,0,1042.178364,5.000000
257,60,71.119764,93648,1.544335634,1.549000000,4.664366,1,71.119764,5.000000
258,60,70.077723,93648,1.550101871,1.556000000,5.898129,0,1042.178364,5.000000
259,60,70.784254,93648,1.555423326,1.559500000,4.076674,1,70.784254,5.000000
260,60,66.322736,93648,1.560340264,1.566000000,5.659736,0,1042.178364,5.000000
261,60,63.217091,93648,1.568362289,1.573500000,5.137711,0,1042.178364,5.000000
262,60,60.453999,93648,1.573589783,1.578000000,4.410217,1,60.453999,5.000000
263,60,62.148199,93648,1.578358627,1.585500000,7.141373,0,1042.178364,5.000000
264,60,59.809100,93648,1.582951491,1.587500000,4.548509,1,59.809100,5.000000
265,60,58.265299,93648,1.588620570,1.594000000,5.379430,0,1042.178364,5.000000
266,60,61.536809,93648,1.595635269,1.601000000,5.364731,0,1042.178364,5.000000
267,60,59.185599,93648,1.600709700,1.605000000,4.290300,1,59.185599,5.000000
268,60,59.732535,93648,1.608971721,1.616000000,7.028279,0,1042.178364,5.000000
269,60,59.080262,93648,1.614814167,1.619000000,4.185833,1,59.080262,5.000000
270,60,60.355594,93648,1.621306606,1.627000000,5.693394,0,1042.178364,5.000000
271,60,61.745133,93648,1.626490685,1.631000000,4.509315,1,61.745133,5.000000
272,60,59.287588,93648,1.631737044,1.636500000,4.762956,1,59.287588,5.000000
273,60,60.187317,93648,1.641693843,1.646000000,4.306157,1,60.187317,5.000000
274,60,60.905667,93648,1.648419766,1.656000000,7.580234,0,1042.178364,5.000000
275,60,63.117291,93648,1.653812917,1.658000000,4.187083,1,63.117291,5.000000
276,60,62.187149,93648,1.658151167,1.662500000,4.348833,1,62.187149,5.000000
277,60,65.532918,93648,1.664631901,1.670000000,5.368099,0,1042.178364,5.000000
278,60,68.332915,93648,1.669841971,1.674000000,4.158029,1,68.332915,5.000000
279,60,68.614164,93648,1.675364945,1.681500000,6.135055,0,1042.178364,5.000000
280,60,66.950620,93648,1.680171508,1.685000000,4.828492,1,66.950620,5.000000
281,60,68.101037,93648,1.685775617,1.690000000,4.224383,1,68.101037,5.000000
282,60,71.443996,93648,1.691283593,1.696000000,4.716407,1,71.443996,5.000000
283,60,73.627598,93648,1.696947831,1.701500000,4.552169,1,73.627598,5.000000
284,60,70.522381,93648,1.702143662,1.708000000,5.856338,0,1042.178364,5.000000
285,60,71.474030,93648,1.708626729,1.714000000,5.373271,0,1042.178364,5.000000
286,60,71.733343,93648,1.713500419,1.718500000,4.999581,1,71.733343,5.000000
287,60,73.884524,93648,1.718251059,1.724500000,6.248941,0,1042.178364,5.000000
288,60,72.815954,93648,1.724460530,1.729000000,4.539470,1,72.815954,5.000000
289,60,69.970002,93648,1.731223712,1.738500000,7.276288,0,1042.178364,5.000000
290,60,70.387809,93648,1.735890563,1.742500000,6.609437,0,1042.178364,5.000000
291,60,66.470828,93648,1.741297745,1.746000000,4.702255,1,66.470828,5.000000
292,60,66.187533,93648,1.747646062,1.752500000,4.853938,1,66.187533,5.000000
293,60,66.356543,93648,1.753425964,1.759000000,5.574036,0,1042.178364,5.000000
294,60,67.411546,93648,1.761377799,1.767500000,6.122201,0,1042.178364,5.000000
295,60,65.605500,93648,1.766727999,1.771000000,4.272001,1,65.605500,5.000000
296,60,66.535288,93648,1.773829287,1.780000000,6.170713,0,1042.178364,5.000000
297,60,68.470703,93648,1.778792184,1.784000000,5.207816,0,1042.178364,5.000000
298,60,66.611014,93648,1.785984267,1.790500000,4.515733,1,66.611014,5.000000
299,60,68.470492,93648,1.795279304,1.800000000,4.720696,1,68.470492,5.000000
300,60,69.013467,93648,1.802562350,1.814500000,11.937650,0,1042.178364,5.000000
301,60,71.053821,93648,1.811078656,1.818000000,6.921344,0,1042.178364,5.000000
302,60,69.885195,93648,1.816917885,1.823000000,6.082115,0,1042.178364,5.000000
303,60,71.801020,93648,1.821703631,1.826500000,4.796369,1,71.801020,5.000000
304,60,71.926655,93648,1.826250840,1.831000000,4.749160,1,71.926655,5.000000
305,60,71.343824,93648,1.834173404,1.839500000,5.326596,0,1042.178364,5.000000
306,60,68.582300,93648,1.840866222,1.846000000,5.133778,0,1042.178364,5.000000
307,60,68.396140,93648,1.850560549,1.855500000,4.939451,1,68.396140,5.000000
308,60,67.105886,93648,1.857857236,1.862500000,4.642764,1,67.105886,5.000000
309,60,67.736827,93648,1.863110035,1.868000000,4.889965,1,67.736827,5.000000
310,60,64.656529,93648,1.868399251,1.872500000,4.100749,1,64.656529,5.000000
311,60,65.172132,93648,1.874122995,1.880500000,6.377005,0,1042.178364,5.000000
312,60,65.954984,93648,1.880474472,1.884500000,4.025528,1,65.954984,5.000000
313,60,66.446726,93648,1.887389968,1.893500000,6.110032,0,1042.178364,5.000000
314,60,64.776732,93648,1.892171378,1.898000000,5.828622,0,1042.178364,5.000000
315,60,63.188704,93648,1.898577709,1.903000000,4.422291,1,63.188704,5.000000
316,60,62.368867,93648,1.903757812,1.913000000,9.242188,0,1042.178364,5.000000
317,60,64.254696,93648,1.910223003,1.917000000,6.776997,0,1042.178364,5.000000
318,60,62.054066,93648,1.916668391,1.923000000,6.331609,0,1042.178364,5.000000
319,60,63.892195,93648,1.921616417,1.927500000,5.883583,0,1042.178364,5.000000
320,60,61.814521,93648,1.926756940,1.931500000,4.743060,1,61.814521,5.000000
321,60,60.254590,93648,1.934749455,1.939500000,4.750545,1,60.254590,5.000000
322,60,59.312935,93648,1.940028810,1.944500000,4.471190,1,59.312935,5.000000
323,60,62.988509,93648,1.945002260,1.950500000,5.497740,0,1042.178364,5.000000
324,60,61.568702,93648,1.954275481,1.959000000,4.724519,1,61.568702,5.000000
325,60,63.481126,93648,1.960019732,1.965000000,4.980268,1,63.481126,5.000000
326,60,61.258200,93648,1.965864024,1.971500000,5.635976,0,1042.178364,5.000000
327,60,60.694269,93648,1.971559200,1.977000000,5.440800,0,1042.178364,5.000000
328,60,62.103519,93648,1.980204930,1.985000000,4.795070,1,62.103519,5.000000
329,60,65.250981,93648,1.985447891,1.990000000,4.552109,1,65.250981,5.000000
330,60,62.402971,93648,1.992006820,1.998000000,5.993180,0,1042.178364,5.000000
331,60,64.038035,93648,1.997613743,2.002000000,4.386257,1,64.038035,5.000000
332,60,64.410071,93648,2.002981478,2.009000000,6.018522,0,1042.178364,5.000000
333,60,65.219800,93648,2.007954905,2.018000000,10.045095,0,1042.178364,5.000000
334,60,66.251395,93648,2.016143080,2.022000000,5.856920,0,1042.178364,5.000000
335,60,68.104461,93648,2.022713090,2.028000000,5.286910,0,1042.178364,5.000000
336,60,67.934493,93648,2.027310564,2.033500000,6.189436,0,1042.178364,5.000000
337,60,65.689821,93648,2.037517915,2.042000000,4.482085,1,65.689821,5.000000
338,60,64.794868,93648,2.042347692,2.047500000,5.152308,0,1042.178364,5.000000
339,60,64.458320,93648,2.047901136,2.053000000,5.098864,0,1042.178364,5.000000
340,60,65.245936,93648,2.055283670,2.060500000,5.216330,0,1042.178364,5.000000
341,60,66.403062,93648,2.060614477,2.066500000,5.885523,0,1042.178364,5.000000
342,60,63.054451,93648,2.065518973,2.070000000,4.481027,1,63.054451,5.000000
343,60,64.987375,93648,2.072102966,2.078000000,5.897034,0,1042.178364,5.000000
344,60,62.649237,93648,2.077246030,2.082500000,5.253970,0,1042.178364,5.000000
345,60,63.286091,93648,2.082722837,2.087500000,4.777163,1,63.286091,5.000000
346,60,60.762187,93648,2.089063792,2.093500000,4.436208,1,60.762187,5.000000
347,60,61.712448,93648,2.095182990,2.100000000,4.817010,1,61.712448,5.000000
348,60,61.957995,93648,2.102566304,2.115000000,12.433696,0,1042.178364,5.000000
349,60,60.567151,93648,2.113611961,2.121500000,7.888039,0,1042.178364,5.000000
350,60,58.963940,93648,2.119065569,2.123500000,4.434431,1,58.963940,5.000000
351,60,60.334978,93648,2.127605349,2.134000000,6.394651,0,1042.178364,5.000000
352,60,63.157824,93648,2.135506516,2.140000000,4.493484,1,63.157824,5.000000
353,60,59.326985,93648,2.139977307,2.145000000,5.022693,0,1042.178364,5.000000
354,60,63.672161,93648,2.144632327,2.152500000,7.867673,0,1042.178364,5.000000
355,60,64.154340,93648,2.151398245,2.157000000,5.601755,0,1042.178364,5.000000
356,60,63.710988,93648,2.155978385,2.160500000,4.521615,1,63.710988,5.000000
357,60,62.673383,93648,2.160760909,2.165500000,4.739091,1,62.673383,5.000000
358,60,64.459905,93648,2.168977474,2.173500000,4.522526,1,64.459905,5.000000
359,60,61.685874,93648,2.174854374,2.181500000,6.645626,0,1042.178364,5.000000
360,60,61.911788,93648,2.179508351,2.185500000,5.991649,0,1042.178364,5.000000
361,60,65.655951,93648,2.186973059,2.193000000,6.026941,0,1042.178364,5.000000
362,60,64.374466,93648,2.194285621,2.200500000,6.214379,0,1042.178364,5.000000
363,60,65.043733,93648,2.199168436,2.207500000,8.331564,0,1042.178364,5.000000
364,60,63.976946,93648,2.205628108,2.217000000,11.371892,0,1042.178364,5.000000
365,60,66.045392,93648,2.210682989,2.221500000,10.817011,0,1042.178364,5.000000
366,60,63.120922,93648,2.218553430,2.224500000,5.946570,0,1042.178364,5.000000
367,60,65.227365,93648,2.223878601,2.228500000,4.621399,1,65.227365,5.000000
368,60,66.353421,93648,2.230471984,2.234000000,3.528016,1,66.353421,5.000000
369,60,67.601120,93648,2.235619929,2.241500000,5.880071,0,1042.178364,5.000000
370,60,65.384032,93648,2.241933720,2.247000000,5.066280,0,1042.178364,5.000000
371,60,65.008879,93648,2.249816953,2.255000000,5.183047,0,1042.178364,5.000000
372,60,63.530998,93648,2.255975779,2.261000000,5.024221,0,1042.178364,5.000000
373,60,65.003449,93648,2.262885236,2.268500000,5.614764,0,1042.178364,5.000000
374,60,62.319910,93648,2.267377698,2.271500000,4.122302,1,62.319910,5.000000
375,60,65.034418,93648,2.273614630,2.278000000,4.385370,1,65.034418,5.000000
376,60,62.539164,93648,2.279009904,2.284000000,4.990096,1,62.539164,5.000000
377,60,61.473930,93648,2.284376900,2.290000000,5.623100,0,1042.178364,5.000000
378,60,60.806829,93648,2.290168712,2.295000000,4.831288,1,60.806829,5.000000
379,60,61.501320,93648,2.294851567,2.299500000,4.648433,1,61.501320,5.000000
380,60,58.980510,93648,2.299740970,2.307000000,7.259030,0,1042.178364,5.000000
381,60,59.430715,93648,2.304997909,2.312000000,7.002091,0,1042.178364,5.000000
382,60,55.547514,93648,2.309961516,2.316500000,6.538484,0,1042.178364,5.000000
383,60,56.269197,93648,2.315579071,2.320500000,4.920929,1,56.269197,5.000000
384,60,54.803750,93648,2.320829415,2.327000000,6.170585,0,1042.178364,5.000000
385,60,56.753378,93648,2.325340796,2.330500000,5.159204,0,1042.178364,5.000000
386,60,55.244064,93648,2.330705411,2.335500000,4.794589,1,55.244064,5.000000
387,60,54.084787,93648,2.337166786,2.342500000,5.333214,0,1042.178364,5.000000
388,60,54.857201,93648,2.345272029,2.350000000,4.727971,1,54.857201,5.000000
389,60,57.637336,93648,2.351256152,2.356500000,5.243848,0,1042.178364,5.000000
390,60,56.954181,93648,2.355925106,2.360000000,4.074894,1,56.954181,5.000000
391,60,57.060723,93648,2.362343238,2.368500000,6.156762,0,1042.178364,5.000000
392,60,57.389366,93648,2.369308958,2.373500000,4.191042,1,57.389366,5.000000
393,60,56.643769,93648,2.375149725,2.381000000,5.850275,0,1042.178364,5.000000
394,60,56.153840,93648,2.381709231,2.386500000,4.790769,1,56.153840,5.000000
395,60,56.204362,93648,2.389449270,2.395500000,6.050730,0,1042.178364,5.000000
396,60,55.098854,93648,2.394048751,2.400000000,5.951249,0,1042.178364,5.000000
397,60,58.242712,93648,2.398606053,2.403000000,4.393947,1,58.242712,5.000000
398,60,56.008035,93648,2.405081109,2.411000000,5.918891,0,1042.178364,5.000000
399,60,57.643593,93648,2.410576694,2.416000000,5.423306,0,1042.178364,5.000000
400,60,57.654586,93648,2.417341465,2.423000000,5.658535,0,1042.178364,5.000000
401,60,58.018755,93648,2.424636499,2.429500000,4.863501,1,58.018755,5.000000
402,60,56.235002,93648,2.430966087,2.437000000,6.033913,0,1042.178364,5.000000
403,60,54.806882,93648,2.436992863,2.442000000,5.007137,0,1042.178364,5.000000
404,60,53.254281,93648,2.441740638,2.446000000,4.259362,1,53.254281,5.000000
405,60,55.052992,93648,2.447358195,2.453000000,5.641805,0,1042.178364,5.000000
406,60,53.756074,93648,2.453718170,2.458000000,4.281830,1,53.756074,5.000000
407,60,52.988392,93648,2.460013882,2.465000000,4.986118,1,52.988392,5.000000
408,60,52.332995,93648,2.469847512,2.474000000,4.152488,1,52.332995,5.000000
409,60,53.510708,93648,2.475095587,2.480500000,5.404413,0,1042.178364,5.000000
410,60,53.036957,93648,2.479442007,2.484500000,5.057993,0,1042.178364,5.000000
411,60,51.644189,93648,2.486721789,2.491000000,4.278211,1,51.644189,5.000000
412,60,52.369798,93648,2.495148554,2.499500000,4.351446,1,52.369798,5.000000
413,60,54.158415,93648,2.504141978,2.514500000,10.358022,0,1042.178364,5.000000
414,60,55.724947,93648,2.509948708,2.519500000,9.551292,0,1042.178364,5.000000
415,60,56.187317,93648,2.516573207,2.522500000,5.926793,0,1042.178364,5.000000
416,60,52.887281,93648,2.522908198,2.527000000,4.091802,1,52.887281,5.000000
417,60,54.424554,93648,2.527731168,2.534500000,6.768832,0,1042.178364,5.000000
418,60,53.472714,93648,2.534184996,2.539500000,5.315004,0,1042.178364,5.000000
419,60,52.483406,93648,2.541819948,2.547500000,5.680052,0,1042.178364,5.000000
420,60,52.524781,93648,2.547461443,2.552500000,5.038557,0,1042.178364,5.000000
421,60,54.728481,93648,2.552558315,2.557000000,4.441685,1,54.728481,5.000000
422,60,54.416301,93648,2.557624635,2.563000000,5.375365,0,1042.178364,5.000000
423,60,54.000840,93648,2.563356813,2.568000000,4.643187,1,54.000840,5.000000
424,60,54.403337,93648,2.568355201,2.572500000,4.144799,1,54.403337,5.000000
425,60,54.584932,93648,2.576339720,2.581000000,4.660280,1,54.584932,5.000000
426,60,52.903140,93648,2.582715302,2.587000000,4.284698,1,52.903140,5.000000
427,60,54.016623,93648,2.587209102,2.593000000,5.790898,0,1042.178364,5.000000
428,60,55.118671,93648,2.593215707,2.597500000,4.284293,1,55.118671,5.000000
429,60,58.235386,93648,2.600077441,2.606000000,5.922559,0,1042.178364,5.000000
430,60,57.230899,93648,2.605171766,2.610500000,5.328234,0,1042.178364,5.000000
431,60,56.707264,93648,2.610882782,2.618000000,7.117218,0,1042.178364,5.000000
432,60,57.992352,93648,2.617378499,2.623000000,5.621501,0,1042.178364,5.000000
433,60,57.613905,93648,2.621926455,2.626500000,4.573545,1,57.613905,5.000000
434,60,55.438710,93648,2.627290944,2.632000000,4.709056,1,55.438710,5.000000
435,60,56.819502,93648,2.632680054,2.638500000,5.819946,0,1042.178364,5.000000
436,60,55.195770,93648,2.639019025,2.644500000,5.480975,0,1042.178364,5.000000
437,60,55.310791,93648,2.644510104,2.649500000,4.989896,1,55.310791,5.000000
438,60,54.825114,93648,2.652803331,2.657500000,4.696669,1,54.825114,5.000000
439,60,56.764639,93648,2.659005523,2.663500000,4.494477,1,56.764639,5.000000
440,60,57.566153,93648,2.663929791,2.669500000,5.570209,0,1042.178364,5.000000
441,60,59.291457,93648,2.669007967,2.674000000,4.992033,1,59.291457,5.000000
442,60,60.341008,93648,2.673402155,2.677500000,4.097845,1,60.341008,5.000000
443,60,60.948634,93648,2.679445427,2.684000000,4.554573,1,60.948634,5.000000
444,60,59.362940,93648,2.686778872,2.691000000,4.221128,1,59.362940,5.000000
445,60,60.636552,93648,2.691362287,2.697000000,5.637713,0,1042.178364,5.000000
446,60,59.821804,93648,2.697416686,2.701500000,4.083314,1,59.821804,5.000000
447,60,61.834582,93648,2.703720605,2.712000000,8.279395,0,1042.178364,5.000000
448,60,61.403304,93648,2.711638557,2.717000000,5.361443,0,1042.178364,5.000000
449,60,62.983866,93648,2.718041002,2.725000000,6.958998,0,1042.178364,5.000000
450,60,63.817120,93648,2.722767408,2.727000000,4.232592,1,63.817120,5.000000
451,60,65.621865,93648,2.727548432,2.736000000,8.451568,0,1042.178364,5.000000
452,60,65.041113,93648,2.732555597,2.740000000,7.444403,0,1042.178364,5.000000
453,60,65.861964,93648,2.737271812,2.742000000,4.728188,1,65.861964,5.000000
454,60,64.972652,93648,2.743436094,2.749500000,6.063906,0,1042.178364,5.000000
455,60,66.078847,93648,2.747898361,2.753500000,5.601639,0,1042.178364,5.000000
456,60,63.752706,93648,2.752646373,2.757000000,4.353627,1,63.752706,5.000000
457,60,63.041348,93648,2.758781530,2.765500000,6.718470,0,1042.178364,5.000000
458,60,62.086329,93648,2.764352812,2.770500000,6.147188,0,1042.178364,5.000000
459,60,62.190357,93648,2.771222112,2.778000000,6.777888,0,1042.178364,5.000000
460,60,59.452670,93648,2.775974416,2.781000000,5.025584,0,1042.178364,5.000000
461,60,59.566617,93648,2.781780100,2.786500000,4.719900,1,59.566617,5.000000
462,60,61.508269,93648,2.787769474,2.795000000,7.230526,0,1042.178364,5.000000
463,60,61.534946,93648,2.793176305,2.798000000,4.823695,1,61.534946,5.000000
464,60,62.179723,93648,2.798209999,2.807500000,9.290001,0,1042.178364,5.000000
465,60,62.990381,93648,2.803333422,2.813500000,10.166578,0,1042.178364,5.000000
466,60,63.551319,93648,2.810051822,2.821000000,10.948178,0,1042.178364,5.000000
467,60,67.620517,93648,2.817497475,2.827000000,9.502525,0,1042.178364,5.000000
468,60,66.024835,93648,2.822113344,2.830500000,8.386656,0,1042.178364,5.000000
469,60,66.993995,93648,2.828800908,2.836000000,7.199092,0,1042.178364,5.000000
470,60,68.204040,93648,2.835731719,2.840000000,4.268281,1,68.204040,5.000000
471,60,71.199233,93648,2.841113691,2.847500000,6.386309,0,1042.178364,5.000000
472,60,70.625200,93648,2.846791273,2.853500000,6.708727,0,1042.178364,5.000000
473,60,72.055594,93648,2.851422122,2.856000000,4.577878,1,72.055594,5.000000
474,60,72.838247,93648,2.857191198,2.864500000,7.308802,0,1042.178364,5.000000
475,60,75.322952,93648,2.862499381,2.868000000,5.500619,0,1042.178364,5.000000
476,60,71.309589,93648,2.867232472,2.873500000,6.267528,0,1042.178364,5.000000
477,60,74.429190,93648,2.874267852,2.879500000,5.232148,0,1042.178364,5.000000
478,60,74.275524,93648,2.879408673,2.884000000,4.591327,1,74.275524,5.000000
479,60,75.299584,93648,2.885844991,2.894500000,8.655009,0,1042.178364,5.000000
480,60,73.365042,93648,2.891355318,2.897500000,6.144682,0,1042.178364,5.000000
481,60,72.289590,93648,2.895778682,2.901500000,5.721318,0,1042.178364,5.000000
482,60,75.596228,93648,2.900326128,2.907500000,7.173872,0,1042.178364,5.000000
483,60,75.641447,93648,2.906629569,2.914500000,7.870431,0,1042.178364,5.000000
484,60,72.059277,93648,2.911487616,2.918500000,7.012384,0,1042.178364,5.000000
485,60,71.599354,93648,2.916500866,2.922000000,5.499134,0,1042.178364,5.000000
486,60,70.617568,93648,2.921846519,2.926500000,4.653481,1,70.617568,5.000000
487,60,73.313017,93648,2.927115597,2.932500000,5.384403,0,1042.178364,5.000000
488,60,70.083648,93648,2.931555306,2.937000000,5.444694,0,1042.178364,5.000000
489,60,71.664045,93648,2.937582643,2.943000000,5.417357,0,1042.178364,5.000000
490,60,71.059821,93648,2.944409642,2.948500000,4.090358,1,71.059821,5.000000
491,60,73.535696,93648,2.948777126,2.953500000,4.722874,1,73.535696,5.000000
492,60,73.132018,93648,2.956157421,2.963000000,6.842579,0,1042.178364,5.000000
493,60,75.016658,93648,2.960955046,2.965500000,4.544954,1,75.016658,5.000000
494,60,74.445673,93648,2.967819568,2.973000000,5.180432,0,1042.178364,5.000000
495,60,75.185655,93648,2.973345323,2.979500000,6.154677,0,1042.178364,5.000000
496,60,73.801580,93648,2.978544374,2.983000000,4.455626,1,73.801580,5.000000
497,60,74.436750,93648,2.983553035,2.989500000,5.946965,0,1042.178364,5.000000
498,60,75.786775,93648,2.989256162,2.994500000,5.243838,0,1042.178364,5.000000
499,60,76.952730,93648,2.995334311,2.999500000,4.165689,1,76.952730,5.000000
500,60,73.194631,93648,3.000030817,3.011000000,10.969183,0,1042.178364,5.000000
501,60,73.571442,93648,3.004777988,3.015500000,10.722012,0,1042.178364,5.000000
502,60,74.256348,93648,3.011055292,3.025000000,13.944708,0,1042.178364,5.000000
503,60,74.536482,93648,3.015800425,3.028000000,12.199575,0,1042.178364,5.000000
504,60,73.020793,93648,3.020569007,3.035000000,14.430993,0,1042.178364,5.000000
505,60,75.284836,93648,3.026159206,3.039000000,12.840794,0,1042.178364,5.000000
506,60,72.364826,93648,3.031629246,3.044000000,12.370754,0,1042.178364,5.000000
507,60,74.025118,93648,3.038105611,3.050000000,11.894389,0,1042.178364,5.000000
508,60,70.668204,93648,3.044042841,3.053000000,8.957159,0,1042.178364,5.000000
509,60,74.263630,93648,3.048477882,3.058500000,10.022118,0,1042.178364,5.000000
510,60,73.119409,93648,3.052999032,3.062500000,9.500968,0,1042.178364,5.000000
511,60,75.754225,93648,3.060283916,3.070500000,10.216084,0,1042.178364,5.000000
512,60,73.879893,93648,3.066807673,3.074000000,7.192327,0,1042.178364,5.000000
513,60,74.509606,93648,3.072965007,3.082500000,9.534993,0,1042.178364,5.000000
514,60,73.239425,93648,3.079315137,3.085500000,6.184863,0,1042.178364,5.000000
515,60,73.672044,93648,3.086670357,3.096000000,9.329643,0,1042.178364,5.000000
516,60,73.731008,93648,3.091689527,3.099000000,7.310473,0,1042.178364,5.000000
517,60,74.346529,93648,3.096263334,3.101500000,5.236666,0,1042.178364,5.000000
518,60,71.624876,93648,3.101193673,3.115000000,13.806327,0,1042.178364,5.000000
519,60,72.038766,93648,3.106682640,3.125000000,18.317360,0,1042.178364,5.000000
520,60,68.621842,93648,3.113023845,3.129500000,16.476155,0,1042.178364,5.000000
521,60,68.478126,93648,3.120467344,3.133000000,12.532656,0,1042.178364,5.000000
522,60,69.543328,93648,3.126115478,3.139500000,13.384522,0,1042.178364,5.000000
523,60,72.588975,93648,3.133185546,3.143000000,9.814454,0,1042.178364,5.000000
524,60,72.638249,93648,3.138771462,3.146000000,7.228538,0,1042.178364,5.000000
525,60,72.943699,93648,3.143704356,3.151500000,7.795644,0,1042.178364,5.000000
526,60,73.136360,93648,3.149683897,3.156000000,6.316103,0,1042.178364,5.000000
527,60,75.570838,93648,3.154108289,3.161000000,6.891711,0,1042.178364,5.000000
528,60,75.237714,93648,3.161347086,3.167500000,6.152914,0,1042.178364,5.000000
529,60,77.420283,93648,3.166063788,3.170500000,4.436212,1,77.420283,5.000000
530,60,76.953149,93648,3.171540392,3.179000000,7.459608,0,1042.178364,5.000000
531,60,78.713258,93648,3.177207140,3.184000000,6.792860,0,1042.178364,5.000000
532,60,75.974904,93648,3.182203830,3.188000000,5.796170,0,1042.178364,5.000000
533,60,79.215037,93648,3.187549529,3.195500000,7.950471,0,1042.178364,5.000000
534,60,78.483914,93648,3.193215881,3.199500000,6.284119,0,1042.178364,5.000000
535,60,78.857082,93648,3.200595031,3.207500000,6.904969,0,1042.178364,5.000000
536,60,76.790232,93648,3.206831966,3.216500000,9.668034,0,1042.178364,5.000000
537,60,77.450787,93648,3.214301432,3.221000000,6.698568,0,1042.178364,5.000000
538,60,76.038898,93648,3.220004360,3.225000000,4.995640,1,76.038898,5.000000
539,60,74.077485,93648,3.224954153,3.229500000,4.545847,1,74.077485,5.000000
540,60,76.346227,93648,3.232883078,3.237000000,4.116922,1,76.346227,5.000000
541,60,76.603395,93648,3.238605940,3.243500000,4.894060,1,76.603395,5.000000
542,60,72.154065,93648,3.244581713,3.250000000,5.418287,0,1042.178364,5.000000
543,60,73.847178,93648,3.253342862,3.259000000,5.657138,0,1042.178364,5.000000
544,60,72.234545,93648,3.258471840,3.264000000,5.528160,0,1042.178364,5.000000
545,60,72.998890,93648,3.263724991,3.268000000,4.275009,1,72.998890,5.000000
546,60,69.141037,93648,3.268845294,3.275000000,6.154706,0,1042.178364,5.000000
547,60,70.885352,93648,3.276136500,3.281000000,4.863500,1,70.885352,5.000000
548,60,67.100669,93648,3.280665454,3.286500000,5.834546,0,1042.178364,5.000000
549,60,70.379627,93648,3.287631143,3.293000000,5.368857,0,1042.178364,5.000000
550,60,68.551715,93648,3.292269238,3.296500000,4.230762,1,68.551715,5.000000
551,60,67.307374,93648,3.297449694,3.303500000,6.050306,0,1042.178364,5.000000
552,60,66.419296,93648,3.304553369,3.311000000,6.446631,0,1042.178364,5.000000
553,60,67.108472,93648,3.310317441,3.315000000,4.682559,1,67.108472,5.000000
554,60,63.030520,93648,3.316896186,3.322000000,5.103814,0,1042.178364,5.000000
555,60,64.260339,93648,3.321771112,3.326000000,4.228888,1,64.260339,5.000000
556,60,64.572561,93648,3.327062953,3.333000000,5.937047,0,1042.178364,5.000000
557,60,67.965691,93648,3.333329290,3.337500000,4.170710,1,67.965691,5.000000
558,60,66.862070,93648,3.340876130,3.346500000,5.623870,0,1042.178364,5.000000
559,60,67.641750,93648,3.348238124,3.352500000,4.261876,1,67.641750,5.000000
560,60,64.985759,93648,3.353765025,3.358500000,4.734975,1,64.985759,5.000000
561,60,66.998160,93648,3.359985372,3.365000000,5.014628,0,1042.178364,5.000000
562,60,66.354857,93648,3.368844054,3.374500000,5.655946,0,1042.178364,5.000000
563,60,67.301030,93648,3.373823151,3.379000000,5.176849,0,1042.178364,5.000000
564,60,69.661459,93648,3.378412703,3.383000000,4.587297,1,69.661459,5.000000
565,60,68.269842,93648,3.384417728,3.389500000,5.082272,0,1042.178364,5.000000
566,60,66.979022,93648,3.389068940,3.394000000,4.931060,1,66.979022,5.000000
567,60,67.501086,93648,3.394026224,3.400000000,5.973776,0,1042.178364,5.000000
568,60,64.967086,93648,3.400558398,3.407000000,6.441602,0,1042.178364,5.000000
569,60,66.093685,93648,3.408150890,3.417000000,8.849110,0,1042.178364,5.000000
570,60,65.659956,93648,3.415414397,3.421000000,5.585603,0,1042.178364,5.000000
571,60,66.536573,93648,3.423215480,3.429000000,5.784520,0,1042.178364,5.000000
572,60,63.904895,93648,3.427717997,3.434000000,6.282003,0,1042.178364,5.000000
573,60,65.500653,93648,3.434825514,3.439000000,4.174486,1,65.500653,5.000000
574,60,65.636524,93648,3.441080782,3.446500000,5.419218,0,1042.178364,5.000000
575,60,67.732288,93648,3.446387954,3.451000000,4.612046,1,67.732288,5.000000
576,60,64.397697,93648,3.452872625,3.458000000,5.127375,0,1042.178364,5.000000
577,60,61.808074,93648,3.458613343,3.464500000,5.886657,0,1042.178364,5.000000
578,60,61.173024,93648,3.463993994,3.468500000,4.506006,1,61.173024,5.000000
579,60,63.565371,93648,3.470642757,3.475500000,4.857243,1,63.565371,5.000000
580,60,61.393556,93648,3.475083901,3.479500000,4.416099,1,61.393556,5.000000
581,60,58.982863,93648,3.480922141,3.487000000,6.077859,0,1042.178364,5.000000
582,60,58.142090,93648,3.486955821,3.491500000,4.544179,1,58.142090,5.000000
583,60,62.603972,93648,3.493601216,3.499500000,5.898784,0,1042.178364,5.000000
584,60,59.388840,93648,3.500201991,3.507000000,6.798009,0,1042.178364,5.000000
585,60,61.869949,93648,3.506230039,3.511000000,4.769961,1,61.869949,5.000000
586,60,58.857425,93648,3.511625730,3.521000000,9.374270,0,1042.178364,5.000000
587,60,62.669098,93648,3.518161018,3.524500000,6.338982,0,1042.178364,5.000000
588,60,59.685862,93648,3.524858420,3.531000000,6.141580,0,1042.178364,5.000000
589,60,60.961748,93648,3.530036183,3.535000000,4.963817,1,60.961748,5.000000
590,60,60.304282,93648,3.534922756,3.542500000,7.577244,0,1042.178364,5.000000
591,60,62.707230,93648,3.541949599,3.546000000,4.050401,1,62.707230,5.000000
