frameNumber,components,mse,sizeBytes,genTime,recvTime,delay_ms,receivedOnTime,effectiveError,deadline_ms,cqi
1,45,101.897,70652,0.031567156,0.035500000,3.932844,1,101.897005,10.000000,14
2,45,99.015385,70652,0.050296874,0.056000000,5.703126,1,99.015385,10.000000,14
3,45,99.369637,70652,0.068847902,0.073000000,4.152098,1,99.369637,10.000000,14
4,45,98.235759,70652,0.087968021,0.091500000,3.531979,1,98.235759,10.000000,14
5,45,100.852925,70652,0.106238916,0.114500000,8.261084,1,100.852925,10.000000,14
6,45,95.535010,70652,0.125106302,0.130500000,5.393698,1,95.535010,10.000000,14
7,45,94.758432,70652,0.143548608,0.147000000,3.451392,1,94.758432,10.000000,14
8,45,92.139806,70652,0.162065499,0.168000000,5.934501,1,92.139806,10.000000,14
9,45,91.592916,70652,0.180550590,0.184500000,3.949410,1,91.592916,10.000000,14
10,45,88.453878,70652,0.199101855,0.205000000,5.898145,1,88.453878,10.000000,14
11,45,91.124123,70652,0.218674046,0.223500000,4.825954,1,91.124123,10.000000,14
12,45,91.023745,70652,0.237234738,0.246000000,8.765262,1,91.023745,10.000000,14
13,45,93.920693,70652,0.261140261,0.266000000,4.859739,1,93.920693,10.000000,14
14,45,89.213170,70652,0.279945900,0.283500000,3.554100,1,89.213170,10.000000,14
16,45,90.608387,70652,0.322157839,0.384000000,61.842161,0,1050.257266,10.000000,13
17,45,95.815435,70652,0.340736938,0.384000000,43.263062,0,1050.257266,10.000000,13
18,45,94.883318,70652,0.360560154,0.384000000,23.439846,0,1050.257266,10.000000,13
19,45,98.726354,70652,0.380040446,0.384500000,4.459554,1,98.726354,10.000000,13
20,45,97.823512,70652,0.398741307,0.410500000,11.758693,0,1050.257266,10.000000,13
21,45,102.645457,70652,0.417572363,0.426000000,8.427637,1,102.645457,10.000000,13
22,45,98.847928,70652,0.437612968,0.441500000,3.887032,1,98.847928,10.000000,13
23,45,101.450522,70652,0.455974368,0.464500000,8.525632,1,101.450522,10.000000,13
24,45,103.449572,70652,0.475011185,0.484500000,9.488815,1,103.449572,10.000000,13
25,45,105.313583,70652,0.497026658,0.501000000,3.973342,1,105.313583,10.000000,13
26,45,100.167715,70652,0.515295823,0.525500000,10.204177,0,1050.257266,10.000000,13
27,45,101.352145,70652,0.536262760,0.541500000,5.237240,1,101.352145,10.000000,13
28,45,100.690220,70652,0.555900371,0.560000000,4.099629,1,100.690220,10.000000,13
29,45,107.647403,70652,0.574816704,0.579500000,4.683296,1,107.647403,10.000000,13
30,45,106.042015,70652,0.593111933,0.598000000,4.888067,1,106.042015,10.000000,13
31,45,106.375840,70652,0.613435157,0.624500000,11.064843,0,1050.257266,10.000000,13
32,45,103.886594,70652,0.633532845,0.638000000,4.467155,1,103.886594,10.000000,13
33,45,106.646392,70652,0.653251849,0.658500000,5.248151,1,106.646392,10.000000,13
34,45,100.793052,70652,0.672247938,0.677000000,4.752062,1,100.793052,10.000000,13
35,45,105.670680,70652,0.692763178,0.696000000,3.236822,1,105.670680,10.000000,13
36,45,103.929236,70652,0.711426960,0.726000000,14.573040,0,1050.257266,10.000000,13
37,45,108.558358,70652,0.730826098,0.739000000,8.173902,1,108.558358,10.000000,13
38,45,106.140014,70652,0.749385115,0.756000000,6.614885,1,106.140014,10.000000,13
39,45,107.097180,70652,0.768961905,0.775500000,6.538095,1,107.097180,10.000000,13
40,45,103.494529,70652,0.790555442,0.796500000,5.944558,1,103.494529,10.000000,13
41,45,106.995346,70652,0.811625721,0.824500000,12.874279,0,1050.257266,10.000000,13
42,45,102.764222,70652,0.831363511,0.837000000,5.636489,1,102.764222,10.000000,13
43,45,104.577635,70652,0.851633642,0.859000000,7.366358,1,104.577635,10.000000,13
44,45,105.608490,70652,0.870225188,0.877500000,7.274812,1,105.608490,10.000000,13
45,45,105.776608,70652,0.889239081,0.896500000,7.260919,1,105.776608,10.000000,13
46,45,100.134144,70652,0.909877581,0.924500000,14.622419,0,1050.257266,10.000000,13
47,45,103.892558,70652,0.930518345,0.936500000,5.981655,1,103.892558,10.000000,13
48,45,101.487725,70652,0.951543992,0.956000000,4.456008,1,101.487725,10.000000,13
49,45,105.137649,70652,0.971755158,0.975500000,3.744842,1,105.137649,10.000000,13
50,45,106.222893,70652,0.991416312,0.996500000,5.083688,1,106.222893,10.000000,13
51,45,108.554162,70652,1.010702649,1.021500000,10.797351,0,1050.257266,10.000000,13
52,45,112.116925,70652,1.029528675,1.035000000,5.471325,1,112.116925,10.000000,13
53,45,110.053063,70652,1.049579113,1.054000000,4.420887,1,110.053063,10.000000,13
54,45,109.959032,70652,1.071151272,1.074500000,3.348728,1,109.959032,10.000000,13
55,45,108.431381,70652,1.091641965,1.098000000,6.358035,1,108.431381,10.000000,13
56,45,112.073095,70652,1.112242509,1.123500000,11.257491,0,1050.257266,10.000000,13
57,45,112.291609,70652,1.133285347,1.138500000,5.214653,1,112.291609,10.000000,13
58,45,113.277224,70652,1.151735961,1.157000000,5.264039,1,113.277224,10.000000,13
59,45,116.248465,70652,1.170402443,1.173500000,3.097557,1,116.248465,10.000000,13
60,45,110.608100,70652,1.190622331,1.195000000,4.377669,1,110.608100,10.000000,13
61,45,112.603798,70652,1.211007108,1.221000000,9.992892,1,112.603798,10.000000,13
62,45,111.955392,70652,1.232130325,1.240500000,8.369675,1,111.955392,10.000000,13
63,45,113.008543,70652,1.251560800,1.257000000,5.439200,1,113.008543,10.000000,13
64,45,107.288584,70652,1.270401379,1.282500000,12.098621,0,1050.257266,10.000000,13
65,45,102.619435,70652,1.292004713,1.295500000,3.495287,1,102.619435,10.000000,13
66,45,99.136697,70652,1.311100078,1.321500000,10.399922,0,1050.257266,10.000000,13
67,45,99.745741,70652,1.331470529,1.339500000,8.029471,1,99.745741,10.000000,13
68,45,94.935468,70652,1.352686195,1.364500000,11.813805,0,1050.257266,10.000000,13
69,45,95.323777,70652,1.371061843,1.377000000,5.938157,1,95.323777,10.000000,13
70,45,96.273841,70652,1.390291987,1.399000000,8.708013,1,96.273841,10.000000,13
71,45,99.361452,70652,1.409044051,1.422000000,12.955949,0,1050.257266,10.000000,13
72,45,94.361613,70652,1.429567469,1.437000000,7.432531,1,94.361613,10.000000,13
73,45,95.639639,70652,1.449485624,1.459500000,10.014376,0,1050.257266,10.000000,13
74,45,96.042716,70652,1.471613756,1.476000000,4.386244,1,96.042716,10.000000,13
75,45,98.349383,70652,1.491895088,1.500500000,8.604912,1,98.349383,10.000000,13
76,45,94.882393,70652,1.512842199,1.517000000,4.157801,1,94.882393,10.000000,14
77,45,97.911208,70652,1.533482421,1.536500000,3.017579,1,97.911208,10.000000,14
78,45,96.029104,70652,1.553615241,1.560000000,6.384759,1,96.029104,10.000000,14
79,45,99.333422,70652,1.572719840,1.577000000,4.280160,1,99.333422,10.000000,14
80,45,97.182190,70652,1.593302804,1.597500000,4.197196,1,97.182190,10.000000,14
81,45,98.448884,70652,1.612680601,1.620500000,7.819399,1,98.448884,10.000000,14
82,45,98.199657,70652,1.631325068,1.635000000,3.674932,1,98.199657,10.000000,14
83,45,99.485234,70652,1.650286626,1.653500000,3.213374,1,99.485234,10.000000,14
84,45,98.250920,70652,1.668551460,1.672500000,3.948540,1,98.250920,10.000000,14
85,45,101.577425,70652,1.686883595,1.691000000,4.116405,1,101.577425,10.000000,14
86,45,98.260100,70652,1.705914855,1.716500000,10.585145,0,1050.257266,10.000000,14
87,45,98.072030,70652,1.724621925,1.728500000,3.878075,1,98.072030,10.000000,14
88,45,98.502191,70652,1.747107696,1.751000000,3.892304,1,98.502191,10.000000,14
89,45,98.638600,70652,1.766098497,1.775500000,9.401503,1,98.638600,10.000000,14
90,45,101.145964,70652,1.786149697,1.790000000,3.850303,1,101.145964,10.000000,14
91,45,101.940617,70652,1.806894388,1.815000000,8.105612,1,101.940617,10.000000,14
92,45,102.202472,70652,1.826355772,1.829500000,3.144228,1,102.202472,10.000000,14
93,45,103.583523,70652,1.849511128,1.853000000,3.488872,1,103.583523,10.000000,14
94,45,101.170767,70652,1.868048326,1.876500000,8.451674,1,101.170767,10.000000,14
95,45,100.604194,70652,1.886647866,1.890000000,3.352134,1,100.604194,10.000000,14
96,45,97.116796,70652,1.909209020,1.915000000,5.790980,1,97.116796,10.000000,14
97,45,98.744112,70652,1.928217893,1.932000000,3.782107,1,98.744112,10.000000,14
98,45,97.048763,70652,1.948926293,1.956500000,7.573707,1,97.048763,10.000000,14
99,45,99.433868,70652,1.967169306,1.973000000,5.830694,1,99.433868,10.000000,14
100,45,100.043980,70652,1.987803231,1.996500000,8.696769,1,100.043980,10.000000,14
101,45,102.798176,70652,2.007172646,2.019000000,11.827354,0,1050.257266,10.000000,14
102,45,99.097822,70652,2.027814816,2.032500000,4.685184,1,99.097822,10.000000,14
103,45,95.699128,70652,2.049203609,2.054500000,5.296391,1,95.699128,10.000000,14
104,45,95.242331,70652,2.067803882,2.075500000,7.696118,1,95.242331,10.000000,14
105,45,90.962000,70652,2.087574745,2.091000000,3.425255,1,90.962000,10.000000,14
106,45,92.288918,70652,2.107034972,2.116500000,9.465028,1,92.288918,10.000000,14
107,45,93.763235,70652,2.126873449,2.129500000,2.626551,1,93.763235,10.000000,14
108,45,99.079716,70652,2.147225146,2.150500000,3.274854,1,99.079716,10.000000,14
109,45,95.389357,70652,2.165967624,2.171000000,5.032376,1,95.389357,10.000000,14
110,45,97.496390,70652,2.184672424,2.187500000,2.827576,1,97.496390,10.000000,14
112,45,95.433473,70652,2.228334825,2.289500000,61.165175,0,1050.257266,10.000000,14
113,45,92.730564,70652,2.249270803,2.289500000,40.229197,0,1050.257266,10.000000,14
114,45,92.315356,70652,2.267694050,2.289500000,21.805950,0,1050.257266,10.000000,14
115,45,90.806743,70652,2.286308862,2.290500000,4.191138,1,90.806743,10.000000,14
116,45,93.331819,70652,2.307375267,2.313500000,6.124733,1,93.331819,10.000000,14
117,45,91.522897,70652,2.327594092,2.330500000,2.905908,1,91.522897,10.000000,14
118,45,89.985204,70652,2.349039130,2.353500000,4.460870,1,89.985204,10.000000,14
119,45,88.309629,70652,2.370322431,2.373000000,2.677569,1,88.309629,10.000000,14
120,45,88.537532,70652,2.389986000,2.393500000,3.514000,1,88.537532,10.000000,14
121,45,88.239030,70652,2.408788564,2.417000000,8.211436,1,88.239030,10.000000,14
122,45,92.438777,70652,2.427332665,2.430000000,2.667335,1,92.438777,10.000000,14
123,45,92.907044,70652,2.446049980,2.450500000,4.450020,1,92.907044,10.000000,14
124,45,91.804043,70652,2.464699393,2.467500000,2.800607,1,91.804043,10.000000,14
125,45,88.214749,70652,2.483124121,2.486000000,2.875879,1,88.214749,10.000000,14
126,45,87.667542,70652,2.503996383,2.515000000,11.003617,0,1050.257266,10.000000,14
127,45,85.178929,70652,2.523121431,2.527500000,4.378569,1,85.178929,10.000000,14
128,45,88.727531,70652,2.541402965,2.544500000,3.097035,1,88.727531,10.000000,14
129,45,89.493035,70652,2.560938615,2.563500000,2.561385,1,89.493035,10.000000,14
130,45,90.169565,70652,2.579246606,2.582500000,3.253394,1,90.169565,10.000000,14
131,45,88.499418,70652,2.598231185,2.607000000,8.768815,1,88.499418,10.000000,14
132,45,88.341235,70652,2.619281962,2.622000000,2.718038,1,88.341235,10.000000,14
133,45,87.983505,70652,2.639584234,2.644000000,4.415766,1,87.983505,10.000000,14
134,45,82.997856,70652,2.659078666,2.664500000,5.421334,1,82.997856,10.000000,14
135,45,85.658569,70652,2.679113361,2.683000000,3.886639,1,85.658569,10.000000,14
136,45,86.343763,70652,2.698154900,2.704500000,6.345100,1,86.343763,10.000000,14
137,45,86.561342,70652,2.717090895,2.721000000,3.909105,1,86.561342,10.000000,14
138,45,86.783683,70652,2.738078592,2.742000000,3.921408,1,86.783683,10.000000,14
139,45,85.711659,70652,2.757343005,2.761000000,3.656995,1,85.711659,10.000000,14
140,45,85.932274,70652,2.779843985,2.784000000,4.156015,1,85.932274,10.000000,14
141,45,82.826569,70652,2.799973836,2.810500000,10.526164,0,1050.257266,10.000000,14
142,45,84.800650,70652,2.820875434,2.824500000,3.624566,1,84.800650,10.000000,14
143,45,82.217258,70652,2.842461783,2.846500000,4.038217,1,82.217258,10.000000,14
144,45,83.332540,70652,2.862504894,2.865500000,2.995106,1,83.332540,10.000000,14
145,45,81.704099,70652,2.881497955,2.884500000,3.002045,1,81.704099,10.000000,14
146,45,79.486668,70652,2.902660902,2.910500000,7.839098,1,79.486668,10.000000,14
147,45,76.641804,70652,2.922463598,2.926500000,4.036402,1,76.641804,10.000000,14
148,45,79.926681,70652,2.940742635,2.943500000,2.757365,1,79.926681,10.000000,14
149,45,83.228228,70652,2.959594990,2.964000000,4.405010,1,83.228228,10.000000,14
150,45,80.388998,70652,2.979657939,2.982500000,2.842061,1,80.388998,10.000000,14
151,45,82.319139,70652,2.997916363,3.000500000,2.583637,1,82.319139,10.000000,14
152,45,80.686582,70652,3.017369360,3.024000000,6.630640,1,80.686582,10.000000,14
153,45,80.342280,70652,3.037050115,3.040000000,2.949885,1,80.342280,10.000000,14
154,45,78.771898,70652,3.059769050,3.063500000,3.730950,1,78.771898,10.000000,14
155,45,80.813291,70652,3.077996790,3.081000000,3.003210,1,80.813291,10.000000,14
156,45,83.500105,70652,3.097180812,3.101000000,3.819188,1,83.500105,10.000000,14
157,45,85.799455,70652,3.117025338,3.126000000,8.974662,1,85.799455,10.000000,14
158,45,87.232442,70652,3.140627345,3.143500000,2.872655,1,87.232442,10.000000,14
159,45,90.240662,70652,3.159416991,3.162000000,2.583009,1,90.240662,10.000000,14
160,45,90.159972,70652,3.180197712,3.185500000,5.302288,1,90.159972,10.000000,14
161,45,87.740379,70652,3.198765440,3.208000000,9.234560,1,87.740379,10.000000,14
162,45,86.180925,70652,3.219813055,3.223000000,3.186945,1,86.180925,10.000000,14
163,45,85.802584,70652,3.238289629,3.243000000,4.710371,1,85.802584,10.000000,14
164,45,86.566095,70652,3.257663517,3.264000000,6.336483,1,86.566095,10.000000,14
165,45,88.093163,70652,3.276469076,3.280500000,4.030924,1,88.093163,10.000000,14
166,45,84.539046,70652,3.295784020,3.299500000,3.715980,1,84.539046,10.000000,14
167,45,86.213016,70652,3.315523402,3.323500000,7.976598,1,86.213016,10.000000,14
168,45,85.734022,70652,3.334141041,3.340500000,6.358959,1,85.734022,10.000000,14
169,45,87.181420,70652,3.353476763,3.357000000,3.523237,1,87.181420,10.000000,14
170,45,87.910951,70652,3.373881655,3.378500000,4.618345,1,87.910951,10.000000,14
171,45,87.386216,70652,3.392114115,3.396500000,4.385885,1,87.386216,10.000000,14
172,45,83.965096,70652,3.411371858,3.420000000,8.628142,1,83.965096,10.000000,14
173,45,88.091774,70652,3.430037405,3.434000000,3.962595,1,88.091774,10.000000,14
174,45,84.171633,70652,3.449876319,3.453000000,3.123681,1,84.171633,10.000000,14
175,45,83.329005,70652,3.468757477,3.473000000,4.242523,1,83.329005,10.000000,14
176,45,84.885319,70652,3.487031183,3.490500000,3.468817,1,84.885319,10.000000,14
177,45,83.548123,70652,3.507309452,3.519000000,11.690548,0,1050.257266,10.000000,14
178,45,83.358525,70652,3.527875933,3.532500000,4.624067,1,83.358525,10.000000,14
179,45,82.346636,70652,3.546333282,3.549500000,3.166718,1,82.346636,10.000000,14
180,45,83.793613,70652,3.565074206,3.569000000,3.925794,1,83.793613,10.000000,14
181,45,86.760809,70652,3.585055921,3.588500000,3.444079,1,86.760809,10.000000,14
182,45,87.363911,70652,3.603636229,3.611000000,7.363771,1,87.363911,10.000000,14
183,45,89.173575,70652,3.622363153,3.628500000,6.136847,1,89.173575,10.000000,14
184,45,88.251782,70652,3.641983668,3.650500000,8.516332,1,88.251782,10.000000,14
185,45,87.579189,70652,3.662455653,3.665500000,3.044347,1,87.579189,10.000000,14
186,45,87.355821,70652,3.681569089,3.686000000,4.430911,1,87.355821,10.000000,14
187,45,89.853043,70652,3.700862201,3.713000000,12.137799,0,1050.257266,10.000000,14
188,45,86.266903,70652,3.719461576,3.725500000,6.038424,1,86.266903,10.000000,14
189,45,85.194008,70652,3.739283505,3.743500000,4.216495,1,85.194008,10.000000,14
190,45,86.880752,70652,3.759518405,3.763500000,3.981595,1,86.880752,10.000000,14
191,45,83.370939,70652,3.780347464,3.789500000,9.152536,1,83.370939,10.000000,14
193,45,83.879706,70652,3.822102164,3.883500000,61.397836,0,1050.257266,10.000000,13
194,45,82.222636,70652,3.843053350,3.883500000,40.446650,0,1050.257266,10.000000,13
195,45,85.480601,70652,3.861950687,3.883500000,21.549313,0,1050.257266,10.000000,13
196,45,84.423530,70652,3.880840677,3.884000000,3.159323,1,84.423530,10.000000,13
197,45,86.413965,70652,3.903620169,3.910500000,6.879831,1,86.413965,10.000000,13
198,45,87.704952,70652,3.926789213,3.933500000,6.710787,1,87.704952,10.000000,13
199,45,89.040353,70652,3.948722949,3.959000000,10.277051,0,1050.257266,10.000000,13
200,45,93.224379,70652,3.967371300,3.972500000,5.128700,1,93.224379,10.000000,13
201,45,93.658954,70652,3.988143810,3.992500000,4.356190,1,93.658954,10.000000,13
202,45,94.465739,70652,4.010439974,4.022000000,11.560026,0,1050.257266,10.000000,13
203,45,93.108471,70652,4.029117609,4.039000000,9.882391,1,93.108471,10.000000,13
204,45,95.470352,70652,4.048228075,4.052500000,4.271925,1,95.470352,10.000000,13
205,45,97.732275,70652,4.067697056,4.075000000,7.302944,1,97.732275,10.000000,13
206,45,96.353350,70652,4.087337257,4.093000000,5.662743,1,96.353350,10.000000,13
207,45,97.203151,70652,4.108622450,4.123500000,14.877550,0,1050.257266,10.000000,11
208,45,93.619549,70652,4.129161889,4.134000000,4.838111,1,93.619549,10.000000,11
209,45,95.505333,70652,4.149855564,4.160500000,10.644436,0,1050.257266,10.000000,11
210,45,93.597411,70652,4.170593966,4.182000000,11.406034,0,1050.257266,10.000000,11
211,45,94.385288,70652,4.191466686,4.201000000,9.533314,1,94.385288,10.000000,11
212,45,94.448929,70652,4.213501155,4.228000000,14.498845,0,1050.257266,10.000000,11
213,45,99.855397,70652,4.233015226,4.247000000,13.984774,0,1050.257266,10.000000,11
214,45,97.592312,70652,4.251355035,4.261000000,9.644965,1,97.592312,10.000000,11
215,45,101.160835,70652,4.269791280,4.285500000,15.708720,0,1050.257266,10.000000,11
216,45,103.197706,70652,4.292063073,4.302000000,9.936927,1,103.197706,10.000000,11
217,45,109.419633,70652,4.311592610,4.317000000,5.407390,1,109.419633,10.000000,14
218,45,107.907899,70652,4.331530821,4.335500000,3.969179,1,107.907899,10.000000,14
219,45,108.445800,70652,4.353702760,4.357000000,3.297240,1,108.445800,10.000000,14
220,45,112.086395,70652,4.372647875,4.377000000,4.352125,1,112.086395,10.000000,14
221,45,112.440017,70652,4.392476625,4.395500000,3.023375,1,112.440017,10.000000,14
222,45,112.752238,70652,4.413395801,4.420500000,7.104199,1,112.752238,10.000000,14
223,45,112.414776,70652,4.432180060,4.435500000,3.319940,1,112.414776,10.000000,14
224,45,114.518180,70652,4.454171435,4.461000000,6.828565,1,114.518180,10.000000,14
225,45,119.131444,70652,4.474473727,4.477500000,3.026273,1,119.131444,10.000000,14
226,45,120.605060,70652,4.493208061,4.497000000,3.791939,1,120.605060,10.000000,14
227,45,122.055738,70652,4.514303087,4.523000000,8.696913,1,122.055738,10.000000,14
228,45,122.575984,70652,4.533210344,4.540000000,6.789656,1,122.575984,10.000000,14
229,45,120.040910,70652,4.551656541,4.555000000,3.343459,1,120.040910,10.000000,14
230,45,120.610095,70652,4.571955607,4.575000000,3.044393,1,120.610095,10.000000,14
231,45,121.714847,70652,4.590248959,4.595500000,5.251041,1,121.714847,10.000000,14
232,45,116.717129,70652,4.609114382,4.617000000,7.885618,1,116.717129,10.000000,14
233,45,117.400549,70652,4.628661807,4.633500000,4.838193,1,117.400549,10.000000,14
234,45,122.939512,70652,4.648192515,4.651000000,2.807485,1,122.939512,10.000000,14
235,45,119.543732,70652,4.666563596,4.669500000,2.936404,1,119.543732,10.000000,14
236,45,120.045222,70652,4.685424527,4.689000000,3.575473,1,120.045222,10.000000,14
237,45,118.546518,70652,4.705225403,4.713500000,8.274597,1,118.546518,10.000000,14
238,45,123.716575,70652,4.723453914,4.726500000,3.046086,1,123.716575,10.000000,14
239,45,123.937955,70652,4.745118147,4.748500000,3.381853,1,123.937955,10.000000,14
240,45,128.878257,70652,4.763549089,4.767000000,3.450911,1,128.878257,10.000000,14
241,45,127.922359,70652,4.784956911,4.787500000,2.543089,1,127.922359,10.000000,14
242,45,128.845400,70652,4.803859529,4.815500000,11.640471,0,1050.257266,10.000000,14
243,45,124.972542,70652,4.825838540,4.829500000,3.661460,1,124.972542,10.000000,14
244,45,124.498954,70652,4.844970699,4.848500000,3.529301,1,124.498954,10.000000,14
245,45,119.222312,70652,4.863529329,4.868500000,4.970671,1,119.222312,10.000000,14
246,45,116.854551,70652,4.882965053,4.886000000,3.034947,1,116.854551,10.000000,14
248,45,116.080681,70652,4.923579402,5.040000000,116.420598,0,1050.257266,10.000000,14
249,45,116.964670,70652,4.942153552,5.040000000,97.846448,0,1050.257266,10.000000,14
250,45,122.326209,70652,4.960489266,5.040000000,79.510734,0,1050.257266,10.000000,14
251,45,125.557572,70652,4.979948179,5.040000000,60.051821,0,1050.257266,10.000000,14
252,45,122.996577,70652,5.000140115,5.040000000,39.859885,0,1050.257266,10.000000,14
253,45,124.034304,70652,5.018624856,5.040000000,21.375144,0,1050.257266,10.000000,14
254,45,120.592187,70652,5.037804784,5.040500000,2.695216,1,120.592187,10.000000,14
255,45,122.365617,70652,5.057327522,5.060500000,3.172478,1,122.365617,10.000000,14
256,45,118.511650,70652,5.077973986,5.081000000,3.026014,1,118.511650,10.000000,14
257,45,117.851057,70652,5.097268431,5.100000000,2.731569,1,117.851057,10.000000,14
258,45,115.612424,70652,5.116301927,5.122000000,5.698073,1,115.612424,10.000000,14
259,45,116.626358,70652,5.135553137,5.141500000,5.946863,1,116.626358,10.000000,14
260,45,110.356839,70652,5.154879782,5.159500000,4.620218,1,110.356839,10.000000,14
261,45,104.999440,70652,5.174283317,5.179500000,5.216683,1,104.999440,10.000000,14
262,45,101.722500,70652,5.193508699,5.200000000,6.491301,1,101.722500,10.000000,14
263,45,102.764050,70652,5.212484533,5.218500000,6.015467,1,102.764050,10.000000,14
264,45,99.269454,70652,5.231109574,5.236000000,4.890426,1,99.269454,10.000000,14
265,45,97.095569,70652,5.250833028,5.255000000,4.166972,1,97.095569,10.000000,14
266,45,101.638940,70652,5.269638620,5.274500000,4.861380,1,101.638940,10.000000,14
267,45,97.528934,70652,5.288940934,5.293500000,4.559066,1,97.528934,10.000000,14
268,45,98.081705,70652,5.309372419,5.319500000,10.127581,0,1050.257266,10.000000,14
269,45,96.801918,70652,5.329370028,5.332500000,3.129972,1,96.801918,10.000000,14
270,45,98.290315,70652,5.351169681,5.355500000,4.330319,1,98.290315,10.000000,14
271,45,101.270589,70652,5.369622887,5.376000000,6.377113,1,101.270589,10.000000,14
272,45,97.574560,70652,5.388685297,5.392500000,3.814703,1,97.574560,10.000000,14
273,45,99.883134,70652,5.407505930,5.418000000,10.494070,0,1050.257266,10.000000,14
274,45,101.222190,70652,5.426635070,5.430500000,3.864930,1,101.222190,10.000000,14
275,45,103.728214,70652,5.445549721,5.450000000,4.450279,1,103.728214,10.000000,14
276,45,102.388761,70652,5.464558991,5.468500000,3.941009,1,102.388761,10.000000,14
277,45,106.395694,70652,5.486479832,5.489500000,3.020168,1,106.395694,10.000000,14
278,45,110.728817,70652,5.506792711,5.536500000,29.707289,0,1050.257266,10.000000,10
279,45,110.717463,70652,5.525855014,5.545000000,19.144986,0,1050.257266,10.000000,10
280,45,109.877946,70652,5.546420168,5.553500000,7.079832,1,109.877946,10.000000,10
281,45,111.153192,70652,5.566170568,5.570000000,3.829432,1,111.153192,10.000000,10
282,45,117.528743,70652,5.584772584,5.596000000,11.227416,0,1050.257266,10.000000,10
284,45,115.324336,70652,5.626664401,5.652500000,25.835599,0,1050.257266,10.000000,10
285,45,116.106202,70652,5.647659256,5.654500000,6.840744,1,116.106202,10.000000,10
286,45,116.642980,70652,5.666537545,5.679000000,12.462455,0,1050.257266,10.000000,10
287,45,119.056852,70652,5.685751754,5.698000000,12.248246,0,1050.257266,10.000000,10
288,45,118.238965,70652,5.705071251,5.732500000,27.428749,0,1050.257266,10.000000,10
289,45,113.964859,70652,5.723411585,5.737000000,13.588415,0,1050.257266,10.000000,10
290,45,114.807173,70652,5.742468354,5.752500000,10.031646,0,1050.257266,10.000000,10
291,45,110.176162,70652,5.761273912,5.771000000,9.726088,1,110.176162,10.000000,10
292,45,109.107441,70652,5.780566575,5.789000000,8.433425,1,109.107441,10.000000,10
294,45,108.218892,70652,5.817562209,5.851500000,33.937791,0,1050.257266,10.000000,10
295,45,106.983980,70652,5.838417716,5.851500000,13.082284,0,1050.257266,10.000000,10
297,45,111.526496,70652,5.878003481,5.933500000,55.496519,0,1050.257266,10.000000,10
299,45,113.501610,70652,5.915905659,5.983500000,67.594341,0,1050.257266,10.000000,10
302,45,114.133423,70652,5.978534543,6.040500000,61.965457,0,1050.257266,10.000000,10
304,45,117.159260,70652,6.016041198,6.074000000,57.958802,0,1050.257266,10.000000,10
305,45,116.263091,70652,6.035164859,6.074000000,38.835141,0,1050.257266,10.000000,10
308,45,110.249520,70652,6.092369556,6.155500000,63.130444,0,1050.257266,10.000000,13
309,45,111.708486,70652,6.110605200,6.155500000,44.894800,0,1050.257266,10.000000,13
310,45,106.104922,70652,6.129755030,6.155500000,25.744970,0,1050.257266,10.000000,13
311,45,108.291229,70652,6.149091032,6.157500000,8.408968,1,108.291229,10.000000,13
312,45,110.251604,70652,6.167813482,6.177500000,9.686518,1,110.251604,10.000000,13
313,45,111.040979,70652,6.186492155,6.200000000,13.507845,0,1050.257266,10.000000,13
315,45,105.687782,70652,6.224593561,6.290000000,65.406439,0,1050.257266,10.000000,13
316,45,104.236297,70652,6.244047455,6.290000000,45.952545,0,1050.257266,10.000000,13
317,45,106.858464,70652,6.265811477,6.290000000,24.188523,0,1050.257266,10.000000,13
318,45,104.327821,70652,6.287506858,6.298500000,10.993142,0,1050.257266,10.000000,13
319,45,106.612281,70652,6.305977719,6.324500000,18.522281,0,1050.257266,10.000000,13
320,45,104.297255,70652,6.325515244,6.332500000,6.984756,1,104.297255,10.000000,13
321,45,100.790729,70652,6.345420012,6.357000000,11.579988,0,1050.257266,10.000000,13
322,45,100.395730,70652,6.364770209,6.374000000,9.229791,1,100.395730,10.000000,13
323,45,104.377152,70652,6.387173409,6.393500000,6.326591,1,104.377152,10.000000,13
324,45,102.927277,70652,6.406322993,6.414500000,8.177007,1,102.927277,10.000000,14
325,45,104.815475,70652,6.427073258,6.432500000,5.426742,1,104.815475,10.000000,14
326,45,102.363911,70652,6.446722763,6.450000000,3.277237,1,102.363911,10.000000,14
327,45,100.987567,70652,6.468708425,6.472500000,3.791575,1,100.987567,10.000000,14
328,45,103.837901,70652,6.490658603,6.494500000,3.841397,1,103.837901,10.000000,14
330,45,105.356672,70652,6.529838537,6.613000000,83.161463,0,1050.257266,10.000000,14
331,45,106.809551,70652,6.551206328,6.613000000,61.793672,0,1050.257266,10.000000,14
332,45,108.075252,70652,6.570676825,6.613000000,42.323175,0,1050.257266,10.000000,14
333,45,110.584473,70652,6.590191802,6.613000000,22.808198,0,1050.257266,10.000000,14
334,45,111.224758,70652,6.609595395,6.615500000,5.904605,1,111.224758,10.000000,14
335,45,112.754921,70652,6.629078385,6.632500000,3.421615,1,112.754921,10.000000,14
336,45,110.718070,70652,6.648160841,6.652000000,3.839160,1,110.718070,10.000000,14
337,45,109.410801,70652,6.667868830,6.672500000,4.631170,1,109.410801,10.000000,14
338,45,108.093604,70652,6.686236953,6.689500000,3.263047,1,108.093604,10.000000,14
339,45,108.374010,70652,6.706754391,6.809500000,102.745609,0,1050.257266,10.000000,14
340,45,108.795454,70652,6.726388700,6.809500000,83.111300,0,1050.257266,10.000000,14
341,45,110.092974,70652,6.745452532,6.809500000,64.047468,0,1050.257266,10.000000,14
342,45,105.621902,70652,6.764540312,6.809500000,44.959688,0,1050.257266,10.000000,14
343,45,108.923307,70652,6.783961654,6.809500000,25.538346,0,1050.257266,10.000000,14
344,45,103.127737,70652,6.803061873,6.812500000,9.438127,1,103.127737,10.000000,14
345,45,104.825831,70652,6.822068789,6.826500000,4.431211,1,104.825831,10.000000,14
346,45,101.499518,70652,6.841403623,6.844500000,3.096377,1,101.499518,10.000000,14
347,45,102.991083,70652,6.862621471,6.867500000,4.878529,1,102.991083,10.000000,14
348,45,104.555685,70652,6.880977408,6.884000000,3.022592,1,104.555685,10.000000,14
349,45,102.054250,70652,6.900893859,6.909500000,8.606141,1,102.054250,10.000000,14
350,45,99.259688,70652,6.920042683,6.926500000,6.457317,1,99.259688,10.000000,14
351,45,100.612490,70652,6.939670279,6.944500000,4.829721,1,100.612490,10.000000,14
352,45,105.013908,70652,6.958641997,6.961500000,2.858003,1,105.013908,10.000000,14
353,45,99.968804,70652,6.977705287,6.984000000,6.294713,1,99.968804,10.000000,14
354,45,105.586331,70652,6.997348215,7.009000000,11.651785,0,1050.257266,10.000000,14
355,45,106.157202,70652,7.015963917,7.022500000,6.536083,1,106.157202,10.000000,14
356,45,106.134355,70652,7.036563748,7.041000000,4.436252,1,106.134355,10.000000,14
357,45,104.400731,70652,7.056615992,7.059500000,2.884008,1,104.400731,10.000000,14
358,45,107.496491,70652,7.076861159,7.080000000,3.138841,1,107.496491,10.000000,14
359,45,102.357825,70652,7.095148366,7.098500000,3.351634,1,102.357825,10.000000,14
360,45,102.232103,70652,7.118213068,7.126500000,8.286932,1,102.232103,10.000000,14
361,45,106.806754,70652,7.138021462,7.142000000,3.978538,1,106.806754,10.000000,14
362,45,105.941893,70652,7.156314554,7.160000000,3.685446,1,105.941893,10.000000,14
363,45,106.559934,70652,7.174614834,7.178500000,3.885166,1,106.559934,10.000000,14
364,45,105.302557,70652,7.196013277,7.199000000,2.986723,1,105.302557,10.000000,14
365,45,107.424732,70652,7.216009328,7.223500000,7.490672,1,107.424732,10.000000,14
366,45,103.307138,70652,7.234350768,7.237500000,3.149232,1,103.307138,10.000000,14
367,45,106.153553,70652,7.254597403,7.260500000,5.902597,1,106.153553,10.000000,14
368,45,108.148378,70652,7.274559720,7.277500000,2.940280,1,108.148378,10.000000,14
370,45,107.698385,70652,7.315031637,7.401000000,85.968363,0,1050.257266,10.000000,13
371,45,105.863779,70652,7.335114870,7.401000000,65.885130,0,1050.257266,10.000000,13
372,45,104.057331,70652,7.355011023,7.401000000,45.988977,0,1050.257266,10.000000,13
373,45,105.948867,70652,7.375148320,7.401000000,25.851680,0,1050.257266,10.000000,13
374,45,103.042198,70652,7.395725432,7.404500000,8.774568,1,103.042198,10.000000,13
375,45,107.605187,70652,7.419103938,7.425500000,6.396062,1,107.605187,10.000000,14
376,45,102.882624,70652,7.437923235,7.443500000,5.576765,1,102.882624,10.000000,14
377,45,102.352080,70652,7.460792970,7.464000000,3.207030,1,102.352080,10.000000,14
378,45,101.517853,70652,7.480944347,7.484000000,3.055653,1,101.517853,10.000000,14
379,45,101.439210,70652,7.500289468,7.509500000,9.210532,1,101.439210,10.000000,14
380,45,96.886159,70652,7.523308189,7.528500000,5.191811,1,96.886159,10.000000,14
381,45,97.106112,70652,7.547406229,7.550000000,2.593771,1,97.106112,10.000000,14
382,45,91.712713,70652,7.565996767,7.570500000,4.503233,1,91.712713,10.000000,14
383,45,93.621866,70652,7.584248214,7.587000000,2.751786,1,93.621866,10.000000,14
384,45,91.089138,70652,7.603392005,7.612000000,8.607995,1,91.089138,10.000000,14
385,45,94.475940,70652,7.623181747,7.628000000,4.818253,1,94.475940,10.000000,14
386,45,91.551742,70652,7.643608080,7.647000000,3.391920,1,91.551742,10.000000,14
387,45,91.232702,70652,7.663500659,7.666500000,2.999341,1,91.232702,10.000000,14
388,45,91.980555,70652,7.684862594,7.687500000,2.637406,1,91.980555,10.000000,14
389,45,96.465046,70652,7.706794959,7.709500000,2.705041,1,96.465046,10.000000,14
390,45,96.496845,70652,7.726461293,7.729500000,3.038707,1,96.496845,10.000000,14
391,45,97.006674,70652,7.749496559,7.752500000,3.003441,1,97.006674,10.000000,14
392,45,97.004792,70652,7.767832794,7.770500000,2.667206,1,97.004792,10.000000,14
393,45,95.041948,70652,7.787252108,7.791500000,4.247892,1,95.041948,10.000000,14
394,45,94.964615,70652,7.807979425,7.814000000,6.020575,1,94.964615,10.000000,14
395,45,94.665350,70652,7.827469554,7.831000000,3.530446,1,94.665350,10.000000,14
396,45,92.962107,70652,7.846181050,7.849000000,2.818950,1,92.962107,10.000000,14
397,45,97.352418,70652,7.866606733,7.869500000,2.893267,1,97.352418,10.000000,14
398,45,95.375525,70652,7.886170829,7.889000000,2.829171,1,95.375525,10.000000,14
400,45,96.916382,70652,7.929453266,8.033000000,103.546734,0,1050.257266,10.000000,14
401,45,96.864780,70652,7.947868393,8.033000000,85.131607,0,1050.257266,10.000000,14
402,45,94.139546,70652,7.968597066,8.033000000,64.402934,0,1050.257266,10.000000,14
403,45,91.311021,70652,7.987976343,8.033000000,45.023657,0,1050.257266,10.000000,14
404,45,89.014675,70652,8.008986285,8.033000000,24.013715,0,1050.257266,10.000000,14
405,45,91.861909,70652,8.030432898,8.033000000,2.567102,1,91.861909,10.000000,14
406,45,91.429497,70652,8.051745210,8.055500000,3.754790,1,91.429497,10.000000,14
407,45,89.268375,70652,8.070084609,8.073000000,2.915391,1,89.268375,10.000000,14
408,45,88.129869,70652,8.090887517,8.093500000,2.612483,1,88.129869,10.000000,14
409,45,90.580316,70652,8.110699640,8.119000000,8.300360,1,90.580316,10.000000,14
410,45,90.282410,70652,8.129558187,8.132500000,2.941813,1,90.282410,10.000000,14
411,45,87.480718,70652,8.148272416,8.151000000,2.727584,1,87.480718,10.000000,14
412,45,87.746102,70652,8.168343854,8.172500000,4.156146,1,87.746102,10.000000,14
413,45,91.801914,70652,8.188695744,8.191500000,2.804256,1,91.801914,10.000000,14
414,45,93.367541,70652,8.210468164,8.216000000,5.531836,1,93.367541,10.000000,14
415,45,94.599828,70652,8.233368655,8.236500000,3.131345,1,94.599828,10.000000,14
416,45,89.333268,70652,8.252248342,8.256000000,3.751658,1,89.333268,10.000000,14
417,45,92.006214,70652,8.272298842,8.276000000,3.701158,1,92.006214,10.000000,14
418,45,89.300199,70652,8.291210987,8.294500000,3.289013,1,89.300199,10.000000,14
419,45,87.477010,70652,8.309603030,8.319500000,9.896970,1,87.477010,10.000000,14
420,45,88.861259,70652,8.328559649,8.336000000,7.440351,1,88.861259,10.000000,14
421,45,91.296162,70652,8.348783251,8.352500000,3.716749,1,91.296162,10.000000,14
422,45,92.232956,70652,8.368727680,8.377500000,8.772320,1,92.232956,10.000000,14
423,45,91.225638,70652,8.388341767,8.392500000,4.158233,1,91.225638,10.000000,14
424,45,91.527674,70652,8.408347351,8.423000000,14.652649,0,1050.257266,10.000000,14
425,45,91.399836,70652,8.427537638,8.436500000,8.962362,1,91.399836,10.000000,14
426,45,89.600031,70652,8.446498352,8.455500000,9.001648,1,89.600031,10.000000,14
427,45,89.823750,70652,8.467025494,8.471000000,3.974506,1,89.823750,10.000000,14
428,45,92.162474,70652,8.486024017,8.489500000,3.475983,1,92.162474,10.000000,14
429,45,97.917481,70652,8.506699747,8.516500000,9.800253,1,97.917481,10.000000,14
430,45,95.999204,70652,8.526337339,8.532000000,5.662661,1,95.999204,10.000000,14
431,45,95.393205,70652,8.548072998,8.552000000,3.927002,1,95.393205,10.000000,14
432,45,98.035940,70652,8.567905591,8.574500000,6.594409,1,98.035940,10.000000,14
433,45,98.238779,70652,8.586190758,8.591500000,5.309242,1,98.238779,10.000000,14
435,45,96.078208,70652,8.626369987,8.689000000,62.630013,0,1050.257266,10.000000,13
436,45,93.093828,70652,8.645756812,8.689000000,43.243188,0,1050.257266,10.000000,13
437,45,92.913964,70652,8.665216620,8.689000000,23.783380,0,1050.257266,10.000000,13
438,45,93.269652,70652,8.685926571,8.692500000,6.573429,1,93.269652,10.000000,13
439,45,96.252286,70652,8.705955177,8.713500000,7.544823,1,96.252286,10.000000,13
440,45,96.911987,70652,8.727044751,8.735500000,8.455249,1,96.911987,10.000000,13
441,45,100.637806,70652,8.745994379,8.752000000,6.005621,1,100.637806,10.000000,13
442,45,101.736820,70652,8.764468623,8.771500000,7.031377,1,101.736820,10.000000,13
443,45,101.846532,70652,8.785045725,8.792000000,6.954274,1,101.846532,10.000000,13
444,45,101.419311,70652,8.803700556,8.819500000,15.799444,0,1050.257266,10.000000,13
445,45,102.791284,70652,8.825312111,8.842500000,17.187889,0,1050.257266,10.000000,13
446,45,102.160624,70652,8.843593862,8.847000000,3.406138,1,102.160624,10.000000,13
447,45,103.712921,70652,8.862532120,8.868000000,5.467880,1,103.712921,10.000000,13
448,45,101.682080,70652,8.880787562,8.887000000,6.212438,1,101.682080,10.000000,13
449,45,104.280971,70652,8.899107645,8.905000000,5.892355,1,104.280971,10.000000,13
450,45,105.303657,70652,8.918747804,8.934000000,15.252196,0,1050.257266,10.000000,12
451,45,108.029337,70652,8.937427397,8.948000000,10.572603,0,1050.257266,10.000000,12
452,45,107.472662,70652,8.958192330,8.962500000,4.307670,1,107.472662,10.000000,12
453,45,108.419288,70652,8.977200463,8.985000000,7.799537,1,108.419288,10.000000,12
454,45,107.627744,70652,8.996969458,9.005000000,8.030542,1,107.627744,10.000000,13
455,45,109.120558,70652,9.016783781,9.029000000,12.216219,0,1050.257266,10.000000,13
456,45,106.589838,70652,9.037802840,9.046000000,8.197160,1,106.589838,10.000000,13
457,45,105.272347,70652,9.058099725,9.067000000,8.900275,1,105.272347,10.000000,13
458,45,104.497182,70652,9.077443808,9.081500000,4.056192,1,104.497182,10.000000,13
459,45,104.079226,70652,9.099200027,9.105000000,5.799973,1,104.079226,10.000000,13
460,45,99.126706,70652,9.117729742,9.126000000,8.270258,1,99.126706,10.000000,13
461,45,99.628244,70652,9.138461072,9.143500000,5.038928,1,99.628244,10.000000,13
462,45,101.915132,70652,9.156686729,9.162000000,5.313271,1,101.915132,10.000000,13
463,45,101.281517,70652,9.176226356,9.180500000,4.273644,1,101.281517,10.000000,13
464,45,103.478714,70652,9.194709419,9.202000000,7.290581,1,103.478714,10.000000,13
465,45,105.194539,70652,9.214579999,9.218500000,3.920001,1,105.194539,10.000000,14
466,45,104.917796,70652,9.232881994,9.235500000,2.618006,1,104.917796,10.000000,14
467,45,112.116414,70652,9.252863531,9.259500000,6.636469,1,112.116414,10.000000,14
468,45,109.851960,70652,9.273222774,9.276500000,3.277226,1,109.851960,10.000000,14
469,45,109.245301,70652,9.292189139,9.297000000,4.810861,1,109.245301,10.000000,14
470,45,111.637147,70652,9.312372509,9.320500000,8.127491,1,111.637147,10.000000,14
471,45,116.835448,70652,9.331461835,9.337000000,5.538165,1,116.835448,10.000000,14
472,45,116.258553,70652,9.352912976,9.357000000,4.087024,1,116.258553,10.000000,14
473,45,118.117087,70652,9.371562935,9.377500000,5.937065,1,118.117087,10.000000,14
474,45,120.779663,70652,9.391330352,9.396500000,5.169648,1,120.779663,10.000000,14
475,45,123.330906,70652,9.410759477,9.416500000,5.740523,1,123.330906,10.000000,14
476,45,117.919257,70652,9.429372383,9.432500000,3.127617,1,117.919257,10.000000,14
477,45,122.429974,70652,9.449202105,9.452500000,3.297895,1,122.429974,10.000000,14
478,45,122.547857,70652,9.467903882,9.470500000,2.596118,1,122.547857,10.000000,14
479,45,124.021325,70652,9.486472984,9.491500000,5.027016,1,124.021325,10.000000,14
480,45,121.308003,70652,9.505098449,9.519500000,14.401551,0,1050.257266,10.000000,14
481,45,119.567519,70652,9.525149893,9.528000000,2.850107,1,119.567519,10.000000,14
482,45,123.771921,70652,9.544148001,9.547000000,2.851999,1,123.771921,10.000000,14
483,45,123.947260,70652,9.564589168,9.567500000,2.910832,1,123.947260,10.000000,14
484,45,118.476700,70652,9.584504290,9.589500000,4.995710,1,118.476700,10.000000,14
485,45,117.119440,70652,9.603066342,9.609500000,6.433658,1,117.119440,10.000000,14
486,45,116.117442,70652,9.623291113,9.627500000,4.208887,1,116.117442,10.000000,14
487,45,120.496509,70652,9.642484177,9.647000000,4.515823,1,120.496509,10.000000,14
488,45,116.411033,70652,9.663858129,9.666500000,2.641871,1,116.411033,10.000000,14
489,45,119.626787,70652,9.682450296,9.686000000,3.549704,1,119.626787,10.000000,14
490,45,117.627691,70652,9.701671415,9.704500000,2.828585,1,117.627691,10.000000,14
491,45,120.686208,70652,9.721896558,9.725000000,3.103442,1,120.686208,10.000000,14
492,45,120.885653,70652,9.742607865,9.746500000,3.892135,1,120.885653,10.000000,14
493,45,122.387326,70652,9.762011147,9.765000000,2.988853,1,122.387326,10.000000,14
494,45,122.525191,70652,9.780263483,9.783000000,2.736517,1,122.525191,10.000000,14
495,45,124.123176,70652,9.798645437,9.804500000,5.854563,1,124.123176,10.000000,14
496,45,121.370022,70652,9.817275847,9.820000000,2.724153,1,121.370022,10.000000,14
497,45,123.004563,70652,9.836007544,9.840000000,3.992456,1,123.004563,10.000000,14
498,45,123.665475,70652,9.854626318,9.860000000,5.373682,1,123.665475,10.000000,14
499,45,126.614711,70652,9.873154945,9.877000000,3.845055,1,126.614711,10.000000,14
500,45,120.301690,70652,9.891866441,9.895000000,3.133559,1,120.301690,10.000000,14
501,45,122.994389,70652,9.911444250,9.916500000,5.055750,1,122.994389,10.000000,14
502,45,123.950065,70652,9.932998081,9.936000000,3.001919,1,123.950065,10.000000,14
503,45,125.324417,70652,9.953102647,9.956000000,2.897353,1,125.324417,10.000000,14
504,45,122.325098,70652,9.975365499,9.978000000,2.634501,1,122.325098,10.000000,14
505,45,123.530787,70652,9.994347263,9.998500000,4.152737,1,123.530787,10.000000,14
506,45,119.404323,70652,10.013760078,10.022000000,8.239922,1,119.404323,10.000000,14
507,45,120.414852,70652,10.035581658,10.038500000,2.918342,1,120.414852,10.000000,14
508,45,116.876733,70652,10.054437376,10.057000000,2.562624,1,116.876733,10.000000,14
509,45,121.024475,70652,10.074423400,10.077500000,3.076600,1,121.024475,10.000000,14
510,45,121.081751,70652,10.095295626,10.099000000,3.704374,1,121.081751,10.000000,14
511,45,124.177065,70652,10.115249600,10.121000000,5.750400,1,124.177065,10.000000,14
512,45,121.266450,70652,10.136447890,10.141500000,5.052110,1,121.266450,10.000000,14
513,45,122.873406,70652,10.158658248,10.168000000,9.341752,1,122.873406,10.000000,14
514,45,120.247947,70652,10.178901564,10.183000000,4.098436,1,120.247947,10.000000,14
515,45,121.040656,70652,10.199127277,10.206000000,6.872723,1,121.040656,10.000000,14
516,45,121.018519,70652,10.217603410,10.223000000,5.396590,1,121.018519,10.000000,14
517,45,121.191454,70652,10.238353690,10.242000000,3.646310,1,121.191454,10.000000,14
518,45,117.112192,70652,10.259750670,10.265000000,5.249330,1,117.112192,10.000000,14
519,45,116.292409,70652,10.279578858,10.284000000,4.421142,1,116.292409,10.000000,14
520,45,112.830068,70652,10.299033280,10.306000000,6.966720,1,112.830068,10.000000,14
521,45,111.458777,70652,10.318182201,10.321000000,2.817799,1,111.458777,10.000000,14
522,45,113.738735,70652,10.336601581,10.341000000,4.398419,1,113.738735,10.000000,14
523,45,118.512508,70652,10.356691826,10.360500000,3.808174,1,118.512508,10.000000,14
524,45,118.918010,70652,10.377709698,10.380500000,2.790302,1,118.918010,10.000000,14
525,45,118.401579,70652,10.398160997,10.405000000,6.839003,1,118.401579,10.000000,14
526,45,119.793128,70652,10.418307885,10.426500000,8.192115,1,119.793128,10.000000,14
527,45,123.008058,70652,10.439991210,10.445000000,5.008790,1,123.008058,10.000000,14
528,45,124.167695,70652,10.460379259,10.463000000,2.620741,1,124.167695,10.000000,14
529,45,126.141688,70652,10.480061869,10.484000000,3.938131,1,126.141688,10.000000,14
530,45,126.308792,70652,10.499923852,10.506500000,6.576148,1,126.308792,10.000000,14
531,45,127.868612,70652,10.520172352,10.528500000,8.327648,1,127.868612,10.000000,14
532,45,125.517316,70652,10.538924729,10.542000000,3.075271,1,125.517316,10.000000,14
533,45,130.603260,70652,10.557383805,10.561000000,3.616195,1,130.603260,10.000000,14
534,45,129.391853,70652,10.576721458,10.583000000,6.278542,1,129.391853,10.000000,14
535,45,130.026375,70652,10.596065566,10.599500000,3.434434,1,130.026375,10.000000,14
536,45,125.443679,70652,10.614530990,10.625000000,10.469010,0,1050.257266,10.000000,14
537,45,125.154951,70652,10.633968892,10.640000000,6.031108,1,125.154951,10.000000,14
538,45,123.681939,70652,10.654164879,10.657000000,2.835121,1,123.681939,10.000000,14
539,45,122.460680,70652,10.673035230,10.676500000,3.464770,1,122.460680,10.000000,14
540,45,125.188918,70652,10.694418462,10.698500000,4.081538,1,125.188918,10.000000,14
541,45,126.404111,70652,10.712739349,10.728000000,15.260651,0,1050.257266,10.000000,13
542,45,118.676117,70652,10.731563742,10.737500000,5.936258,1,118.676117,10.000000,13
543,45,121.282768,70652,10.752310793,10.757500000,5.189207,1,121.282768,10.000000,13
544,45,119.175754,70652,10.771214774,10.775500000,4.285226,1,119.175754,10.000000,13
545,45,119.054509,70652,10.792788944,10.799500000,6.711056,1,119.054509,10.000000,13
546,45,112.486852,70652,10.812892040,10.818500000,5.607960,1,112.486852,10.000000,13
547,45,115.886004,70652,10.831753481,10.837000000,5.246519,1,115.886004,10.000000,13
548,45,110.655978,70652,10.850423493,10.857000000,6.576507,1,110.655978,10.000000,13
549,45,114.846059,70652,10.870150109,10.873500000,3.349891,1,114.846059,10.000000,13
550,45,111.508617,70652,10.889292079,10.895500000,6.207921,1,111.508617,10.000000,13
551,45,109.497429,70652,10.908575553,10.929000000,20.424447,0,1050.257266,10.000000,13
552,45,107.494824,70652,10.929890368,10.933000000,3.109632,1,107.494824,10.000000,13
553,45,109.120366,70652,10.950629102,10.956000000,5.370898,1,109.120366,10.000000,13
554,45,102.017652,70652,10.970782520,10.975000000,4.217480,1,102.017652,10.000000,13
555,45,105.440466,70652,10.989323097,10.996000000,6.676903,1,105.440466,10.000000,13
556,45,106.358266,70652,11.010159645,11.018000000,7.840355,1,106.358266,10.000000,14
557,45,111.538894,70652,11.029606957,11.035000000,5.393043,1,111.538894,10.000000,14
558,45,108.915943,70652,11.048498825,11.054500000,6.001175,1,108.915943,10.000000,14
559,45,111.024196,70652,11.068472085,11.072000000,3.527915,1,111.024196,10.000000,14
560,45,106.448387,70652,11.090576695,11.094000000,3.423305,1,106.448387,10.000000,14
561,45,109.147836,70652,11.110490097,11.120500000,10.009903,0,1050.257266,10.000000,14
562,45,109.033455,70652,11.132147098,11.137500000,5.352902,1,109.033455,10.000000,14
563,45,109.390013,70652,11.151776907,11.160500000,8.723093,1,109.390013,10.000000,14
564,45,114.351445,70652,11.170002437,11.174000000,3.997563,1,114.351445,10.000000,14
565,45,111.168329,70652,11.188450137,11.194000000,5.549863,1,111.168329,10.000000,14
566,45,109.933326,70652,11.207285028,11.215500000,8.214972,1,109.933326,10.000000,14
567,45,109.017932,70652,11.227782524,11.231000000,3.217476,1,109.017932,10.000000,14
568,45,105.553253,70652,11.247334620,11.251000000,3.665380,1,105.553253,10.000000,14
569,45,106.886055,70652,11.266241626,11.269500000,3.258374,1,106.886055,10.000000,14
570,45,106.404994,70652,11.285083641,11.297000000,11.916359,0,1050.257266,10.000000,14
571,45,107.573861,70652,11.304880527,11.310500000,5.619473,1,107.573861,10.000000,14
572,45,104.153227,70652,11.323253780,11.326500000,3.246220,1,104.153227,10.000000,14
573,45,105.859367,70652,11.342244829,11.345000000,2.755171,1,105.859367,10.000000,14
574,45,106.194409,70652,11.363335416,11.367000000,3.664584,1,106.194409,10.000000,14
575,45,110.524363,70652,11.383555680,11.386500000,2.944320,1,110.524363,10.000000,14
576,45,104.341653,70652,11.403674577,11.414000000,10.325423,0,1050.257266,10.000000,14
577,45,101.700432,70652,11.424835966,11.428000000,3.164034,1,101.700432,10.000000,14
578,45,100.206351,70652,11.443733848,11.447500000,3.766152,1,100.206351,10.000000,14
579,45,105.042504,70652,11.462136986,11.465000000,2.863014,1,105.042504,10.000000,14
580,45,100.792447,70652,11.482487821,11.486500000,4.012179,1,100.792447,10.000000,14
581,45,97.805624,70652,11.500738774,11.512500000,11.761226,0,1050.257266,10.000000,14
582,45,95.755663,70652,11.519835777,11.522500000,2.664223,1,95.755663,10.000000,14
583,45,102.498454,70652,11.539542311,11.542500000,2.957689,1,102.498454,10.000000,14
584,45,98.492572,70652,11.558286384,11.563500000,5.213616,1,98.492572,10.000000,14
585,45,101.061779,70652,11.579062261,11.582000000,2.937739,1,101.061779,10.000000,14
586,45,96.462764,70652,11.597932947,11.600500000,2.567053,1,96.462764,10.000000,14
587,45,102.701104,70652,11.617001052,11.623000000,5.998948,1,102.701104,10.000000,14
588,45,98.870343,70652,11.637227951,11.640500000,3.272049,1,98.870343,10.000000,14
589,45,100.131153,70652,11.659586008,11.664000000,4.413992,1,100.131153,10.000000,14
590,45,100.286482,70652,11.680217774,11.683500000,3.282226,1,100.286482,10.000000,14
591,45,103.032488,70652,11.699301492,11.713500000,14.198508,0,1050.257266,10.000000,14
592,45,97.416771,70652,11.718544601,11.723500000,4.955399,1,97.416771,10.000000,14
593,45,95.029571,70652,11.737891253,11.741500000,3.608747,1,95.029571,10.000000,14
594,45,90.847661,70652,11.757354767,11.760500000,3.145233,1,90.847661,10.000000,14
595,45,94.124827,70652,11.776942401,11.780000000,3.057599,1,94.124827,10.000000,14
596,45,87.961967,70652,11.797334502,11.801000000,3.665498,1,87.961967,10.000000,14
597,45,90.261173,70652,11.816199066,11.822000000,5.800934,1,90.261173,10.000000,14
598,45,86.747443,70652,11.835543592,11.841500000,5.956408,1,86.747443,10.000000,14
599,45,90.078926,70652,11.855106688,11.861500000,6.393312,1,90.078926,10.000000,14
600,45,89.067332,70652,11.875789181,11.879000000,3.210819,1,89.067332,10.000000,14
601,45,92.301969,70652,11.895791200,11.901500000,5.708800,1,92.301969,10.000000,14
602,45,91.833378,70652,11.914643823,11.920000000,5.356177,1,91.833378,10.000000,13
603,45,93.338242,70652,11.934262579,11.940000000,5.737421,1,93.338242,10.000000,13
604,45,89.854378,70652,11.953723991,11.957000000,3.276009,1,89.854378,10.000000,13
605,45,89.364340,70652,11.974469267,11.983000000,8.530733,1,89.364340,10.000000,13
606,45,87.328928,70652,11.994156966,11.997500000,3.343034,1,87.328928,10.000000,13
607,45,86.068926,70652,12.014292646,12.023000000,8.707354,1,86.068926,10.000000,13
608,45,80.995416,70652,12.034124655,12.037500000,3.375345,1,80.995416,10.000000,13
609,45,80.779048,70652,12.053035172,12.059000000,5.964828,1,80.779048,10.000000,13
610,45,76.166597,70652,12.071601149,12.075000000,3.398851,1,76.166597,10.000000,13
611,45,76.184518,70652,12.091207722,12.096500000,5.292278,1,76.184518,10.000000,13
612,45,75.736459,70652,12.110044761,12.127000000,16.955239,0,1050.257266,10.000000,13
613,45,73.456621,70652,12.130970095,12.136500000,5.529905,1,73.456621,10.000000,13
614,45,75.287951,70652,12.151524671,12.157000000,5.475329,1,75.287951,10.000000,13
615,45,72.097279,70652,12.171011026,12.177500000,6.488974,1,72.097279,10.000000,13
616,45,72.817350,70652,12.192406740,12.196500000,4.093260,1,72.817350,10.000000,13
617,45,74.834114,70652,12.212288529,12.222500000,10.211471,0,1050.257266,10.000000,12
618,45,74.429002,70652,12.233617762,12.240500000,6.882238,1,74.429002,10.000000,12
619,45,76.103666,70652,12.254276836,12.264000000,9.723164,1,76.103666,10.000000,12
620,45,75.823647,70652,12.273105985,12.280000000,6.894015,1,75.823647,10.000000,12
621,45,82.034198,70652,12.291682759,12.298500000,6.817241,1,82.034198,10.000000,12
622,45,77.902576,70652,12.310900604,12.316500000,5.599396,1,77.902576,10.000000,12
623,45,77.580760,70652,12.331823503,12.338500000,6.676497,1,77.580760,10.000000,12
624,45,77.268739,70652,12.350857915,12.359000000,8.142085,1,77.268739,10.000000,12
625,45,81.686886,70652,12.369298773,12.376000000,6.701227,1,81.686886,10.000000,12
626,45,81.387625,70652,12.388315866,12.399000000,10.684134,0,1050.257266,10.000000,12
627,45,82.068933,70652,12.410716474,12.417500000,6.783526,1,82.068933,10.000000,12
628,45,81.803505,70652,12.428948923,12.433500000,4.551077,1,81.803505,10.000000,12
629,45,84.686859,70652,12.448005802,12.455000000,6.994198,1,84.686859,10.000000,12
630,45,87.950258,70652,12.466290504,12.472500000,6.209496,1,87.950258,10.000000,12
631,45,92.920750,70652,12.485077402,12.491500000,6.422598,1,92.920750,10.000000,12
633,45,90.840862,70652,12.527285423,12.569500000,42.214577,0,1050.257266,10.000000,10
634,45,90.695929,70652,12.545563942,12.569500000,23.936058,0,1050.257266,10.000000,10
635,45,93.347012,70652,12.565276953,12.571500000,6.223047,1,93.347012,10.000000,10
636,45,89.074207,70652,12.585286196,12.597500000,12.213804,0,1050.257266,10.000000,10
637,45,87.056067,70652,12.605884212,12.615000000,9.115788,1,87.056067,10.000000,10
638,45,83.312677,70652,12.628317114,12.634000000,5.682886,1,83.312677,10.000000,10
639,45,84.052604,70652,12.646831599,12.650500000,3.668401,1,84.052604,10.000000,10
640,45,77.774267,70652,12.667076093,12.673500000,6.423907,1,77.774267,10.000000,10
641,45,79.371996,70652,12.686723970,12.699000000,12.276030,0,1050.257266,10.000000,10
643,45,78.277798,70652,12.727372191,12.774500000,47.127809,0,1050.257266,10.000000,10
644,45,75.401309,70652,12.746806760,12.774500000,27.693240,0,1050.257266,10.000000,10
645,45,73.409923,70652,12.767397881,12.777000000,9.602119,1,73.409923,10.000000,10
646,45,73.995880,70652,12.788511376,12.796500000,7.988624,1,73.995880,10.000000,10
648,45,77.239995,70652,12.827447844,12.890000000,62.552156,0,1050.257266,10.000000,12
649,45,79.204057,70652,12.845947514,12.890000000,44.052486,0,1050.257266,10.000000,12
650,45,83.347603,70652,12.868565287,12.890000000,21.434713,0,1050.257266,10.000000,12
651,45,90.850644,70652,12.887437479,12.890500000,3.062521,1,90.850644,10.000000,12
652,45,90.814981,70652,12.909909901,12.918500000,8.590099,1,90.814981,10.000000,12
653,45,98.425385,70652,12.928345123,12.935000000,6.654877,1,98.425385,10.000000,12
654,45,98.114982,70652,12.947860688,12.951000000,3.139312,1,98.114982,10.000000,12
655,45,102.826058,70652,12.967893333,12.974500000,6.606667,1,102.826058,10.000000,12
656,45,105.133635,70652,12.989000354,12.999500000,10.499646,0,1050.257266,10.000000,12
657,45,108.284509,70652,13.010240256,13.016000000,5.759744,1,108.284509,10.000000,12
658,45,115.039256,70652,13.030209690,13.037500000,7.290310,1,115.039256,10.000000,12
659,45,109.851935,70652,13.051225817,13.059500000,8.274183,1,109.851935,10.000000,12
660,45,109.212746,70652,13.073117795,13.086500000,13.382205,0,1050.257266,10.000000,12
661,45,109.930111,70652,13.092276460,13.097000000,4.723540,1,109.930111,10.000000,12
663,45,109.802487,70652,13.132422992,13.176500000,44.077008,0,1050.257266,10.000000,13
664,45,111.252823,70652,13.151795803,13.176500000,24.704197,0,1050.257266,10.000000,13
665,45,108.852390,70652,13.174085457,13.183500000,9.414543,1,108.852390,10.000000,13
666,45,109.562399,70652,13.193393064,13.204500000,11.106936,0,1050.257266,10.000000,13
667,45,107.612152,70652,13.212819760,13.230000000,17.180240,0,1050.257266,10.000000,13
668,45,110.225157,70652,13.233590567,13.239500000,5.909433,1,110.225157,10.000000,13
669,45,112.023293,70652,13.252162632,13.257500000,5.337368,1,112.023293,10.000000,13
670,45,115.927134,70652,13.271138020,13.274500000,3.361980,1,115.927134,10.000000,13
671,45,112.246939,70652,13.290457165,13.295500000,5.042835,1,112.246939,10.000000,13
672,45,114.566892,70652,13.311007512,13.322500000,11.492488,0,1050.257266,10.000000,13
673,45,115.524719,70652,13.329866413,13.338000000,8.133587,1,115.524719,10.000000,13
674,45,118.993459,70652,13.348384213,13.354500000,6.115787,1,118.993459,10.000000,13
675,45,118.418388,70652,13.368689990,13.372000000,3.310010,1,118.418388,10.000000,13
676,45,120.351060,70652,13.389360540,13.400000000,10.639460,0,1050.257266,10.000000,13
678,45,126.468900,70652,13.426276455,13.486500000,60.223545,0,1050.257266,10.000000,13
679,45,128.499823,70652,13.445582517,13.486500000,40.917483,0,1050.257266,10.000000,13
680,45,123.091463,70652,13.464568955,13.486500000,21.931045,0,1050.257266,10.000000,13
681,45,125.454978,70652,13.483090789,13.491500000,8.409211,1,125.454978,10.000000,13
682,45,121.453701,70652,13.502207245,13.514500000,12.292755,0,1050.257266,10.000000,14
683,45,120.877404,70652,13.523669111,13.527000000,3.330889,1,120.877404,10.000000,14
684,45,117.714341,70652,13.542921395,13.546000000,3.078605,1,117.714341,10.000000,14
685,45,119.094561,70652,13.563634082,13.567000000,3.365918,1,119.094561,10.000000,14
686,45,112.483100,70652,13.584440257,13.588000000,3.559743,1,112.483100,10.000000,14
687,45,107.970998,70652,13.603899812,13.611000000,7.100188,1,107.970998,10.000000,14
688,45,109.127155,70652,13.624012202,13.627500000,3.487798,1,109.127155,10.000000,14
689,45,103.152371,70652,13.644562328,13.648500000,3.937672,1,103.152371,10.000000,14
690,45,104.976483,70652,13.664741400,13.668000000,3.258600,1,104.976483,10.000000,14
691,45,105.228062,70652,13.683181448,13.686500000,3.318552,1,105.228062,10.000000,14
692,45,106.843564,70652,13.701479465,13.709500000,8.020535,1,106.843564,10.000000,14
693,45,103.533644,70652,13.719949840,13.723000000,3.050160,1,103.533644,10.000000,14
694,45,105.908885,70652,13.738838026,13.742000000,3.161974,1,105.908885,10.000000,14
695,45,107.437984,70652,13.759202100,13.762500000,3.297900,1,107.437984,10.000000,14
696,45,108.903665,70652,13.777614601,13.781000000,3.385399,1,108.903665,10.000000,14
697,45,103.735154,70652,13.797564374,13.801000000,3.435626,1,103.735154,10.000000,14
698,45,104.717265,70652,13.817466854,13.823000000,5.533146,1,104.717265,10.000000,14
699,45,105.019296,70652,13.836924870,13.840500000,3.575130,1,105.019296,10.000000,14
700,45,110.380189,70652,13.857081120,13.860500000,3.418880,1,110.380189,10.000000,14
701,45,113.029430,70652,13.877364254,13.881000000,3.635746,1,113.029430,10.000000,14
702,45,116.332406,70652,13.896267517,13.899500000,3.232483,1,116.332406,10.000000,14
703,45,115.528569,70652,13.915750329,13.921000000,5.249671,1,115.528569,10.000000,14
704,45,111.117525,70652,13.934351542,13.939000000,4.648458,1,111.117525,10.000000,14
705,45,110.819283,70652,13.953644554,13.959500000,5.855446,1,110.819283,10.000000,14
706,45,109.853851,70652,13.973526300,13.977000000,3.473700,1,109.853851,10.000000,14
707,45,108.448888,70652,13.991976511,13.995000000,3.023489,1,108.448888,10.000000,14
708,45,108.263537,70652,14.012071243,14.021500000,9.428757,1,108.263537,10.000000,14
709,45,107.497968,70652,14.030727090,14.034500000,3.772910,1,107.497968,10.000000,14
710,45,109.744195,70652,14.050987579,14.055500000,4.512421,1,109.744195,10.000000,14
711,45,110.788755,70652,14.070061352,14.073500000,3.438648,1,110.788755,10.000000,14
712,45,111.263678,70652,14.090795395,14.095000000,4.204605,1,111.263678,10.000000,14
713,45,107.990169,70652,14.111485430,14.117500000,6.014570,1,107.990169,10.000000,14
714,45,108.180642,70652,14.130269257,14.133500000,3.230743,1,108.180642,10.000000,14
715,45,109.246293,70652,14.152559909,14.156000000,3.440091,1,109.246293,10.000000,14
716,45,109.079996,70652,14.173845759,14.177500000,3.654241,1,109.079996,10.000000,14
717,45,105.559003,70652,14.192991149,14.196500000,3.508851,1,105.559003,10.000000,14
718,45,106.516332,70652,14.211916418,14.217500000,5.583582,1,106.516332,10.000000,14
719,45,110.156311,70652,14.231537034,14.235000000,3.462966,1,110.156311,10.000000,14
720,45,111.438538,70652,14.250918609,14.257000000,6.081391,1,111.438538,10.000000,14
721,45,112.039661,70652,14.269983562,14.273000000,3.016438,1,112.039661,10.000000,14
722,45,110.045348,70652,14.290887949,14.294000000,3.112051,1,110.045348,10.000000,14
724,45,114.899728,70652,14.329352864,14.412500000,83.147136,0,1050.257266,10.000000,12
725,45,120.667528,70652,14.347934266,14.412500000,64.565734,0,1050.257266,10.000000,12
726,45,117.908068,70652,14.368529599,14.412500000,43.970401,0,1050.257266,10.000000,12
727,45,119.048530,70652,14.388629314,14.412500000,23.870686,0,1050.257266,10.000000,12
728,45,118.900482,70652,14.409009792,14.415000000,5.990208,1,118.900482,10.000000,12
729,45,123.061399,70652,14.428335189,14.437000000,8.664811,1,123.061399,10.000000,12
730,45,115.115059,70652,14.447940723,14.454000000,6.059277,1,115.115059,10.000000,12
731,45,116.765312,70652,14.466976050,14.470500000,3.523950,1,116.765312,10.000000,12
732,45,116.524360,70652,14.486946146,14.490000000,3.053854,1,116.524360,10.000000,12
733,45,119.365497,70652,14.507048054,14.514500000,7.451946,1,119.365497,10.000000,12
734,45,117.117892,70652,14.526196847,14.538000000,11.803153,0,1050.257266,10.000000,12
735,45,118.615800,70652,14.544618278,14.548500000,3.881722,1,118.615800,10.000000,12
736,45,120.787526,70652,14.565435612,14.574500000,9.064388,1,120.787526,10.000000,12
737,45,125.318947,70652,14.585495525,14.589000000,3.504475,1,125.318947,10.000000,12
738,45,123.269552,70652,14.604978680,14.614500000,9.521320,1,123.269552,10.000000,12
739,45,124.381168,70652,14.623779903,14.630000000,6.220097,1,124.381168,10.000000,12
740,45,127.232781,70652,14.642231523,14.646000000,3.768477,1,127.232781,10.000000,12
741,45,131.207248,70652,14.661776005,14.668000000,6.223995,1,131.207248,10.000000,12
742,45,128.541914,70652,14.680028443,14.683500000,3.471557,1,128.541914,10.000000,12
743,45,132.335788,70652,14.699692394,14.705500000,5.807606,1,132.335788,10.000000,13
744,45,131.524027,70652,14.718435844,14.723500000,5.064156,1,131.524027,10.000000,13
745,45,129.639954,70652,14.737395100,14.740500000,3.104900,1,129.639954,10.000000,13
746,45,127.032845,70652,14.755638721,14.761000000,5.361279,1,127.032845,10.000000,13
747,45,125.501157,70652,14.777481892,14.785500000,8.018108,1,125.501157,10.000000,13
748,45,119.121354,70652,14.795998309,14.799500000,3.501691,1,119.121354,10.000000,13
749,45,120.529381,70652,14.815182937,14.825500000,10.317063,0,1050.257266,10.000000,13
750,45,120.054514,70652,14.833915585,14.843500000,9.584415,1,120.054514,10.000000,13
751,45,121.785181,70652,14.853963652,14.859500000,5.536348,1,121.785181,10.000000,13
752,45,119.460691,70652,14.874466059,14.880000000,5.533941,1,119.460691,10.000000,13
753,45,120.801332,70652,14.896433358,14.902500000,6.066642,1,120.801332,10.000000,13
754,45,110.674786,70652,14.914756184,14.920500000,5.743816,1,110.674786,10.000000,14
755,45,114.209859,70652,14.935160074,14.942500000,7.339926,1,114.209859,10.000000,14
756,45,115.571279,70652,14.954253051,14.959000000,4.746949,1,115.571279,10.000000,14
757,45,116.646445,70652,14.973993636,14.978000000,4.006364,1,116.646445,10.000000,14
758,45,111.030140,70652,14.994093845,14.998000000,3.906155,1,111.030140,10.000000,14
759,45,112.336291,70652,15.012498390,15.018500000,6.001610,1,112.336291,10.000000,14
760,45,108.956622,70652,15.032898905,15.036000000,3.101095,1,108.956622,10.000000,14
761,45,106.518215,70652,15.051255262,15.054500000,3.244738,1,106.518215,10.000000,14
762,45,101.615017,70652,15.071570143,15.076000000,4.429857,1,101.615017,10.000000,14
763,45,102.225161,70652,15.091395330,15.097500000,6.104670,1,102.225161,10.000000,14
764,45,96.937676,70652,15.110740896,15.116500000,5.759104,1,96.937676,10.000000,14
765,45,95.836091,70652,15.131487342,15.136000000,4.512658,1,95.836091,10.000000,14
766,45,92.634069,70652,15.150783892,15.155000000,4.216108,1,92.634069,10.000000,14
767,45,95.676140,70652,15.175981944,15.179500000,3.518056,1,95.676140,10.000000,14
768,45,96.127408,70652,15.195271480,15.198500000,3.228520,1,96.127408,10.000000,14
769,45,99.161779,70652,15.215508053,15.219500000,3.991947,1,99.161779,10.000000,14
770,45,100.713586,70652,15.236192257,15.239500000,3.307743,1,100.713586,10.000000,14
771,45,103.403756,70652,15.258534474,15.262500000,3.965526,1,103.403756,10.000000,14
772,45,102.553665,70652,15.277755524,15.281000000,3.244476,1,102.553665,10.000000,14
773,45,103.981854,70652,15.296004373,15.304500000,8.495627,1,103.981854,10.000000,14
774,45,101.687387,70652,15.314983082,15.321500000,6.516918,1,101.687387,10.000000,14
775,45,103.221923,70652,15.334556747,15.338500000,3.943253,1,103.221923,10.000000,14
776,45,98.698470,70652,15.353588382,15.357000000,3.411618,1,98.698470,10.000000,14
777,45,98.802809,70652,15.373462053,15.376500000,3.037947,1,98.802809,10.000000,14
778,45,94.819800,70652,15.393438724,15.396500000,3.061276,1,94.819800,10.000000,14
779,45,96.160745,70652,15.413837718,15.422000000,8.162282,1,96.160745,10.000000,14
780,45,91.066195,70652,15.432937807,15.438000000,5.062193,1,91.066195,10.000000,14
781,45,90.163960,70652,15.455483979,15.458500000,3.016021,1,90.163960,10.000000,14
782,45,89.304799,70652,15.474326622,15.477500000,3.173378,1,89.304799,10.000000,14
783,45,90.593048,70652,15.493793916,15.497000000,3.206084,1,90.593048,10.000000,14
784,45,85.118733,70652,15.514122600,15.523000000,8.877400,1,85.118733,10.000000,14
785,45,84.286233,70652,15.534438640,15.537500000,3.061360,1,84.286233,10.000000,14
786,45,82.813764,70652,15.553930351,15.556500000,2.569649,1,82.813764,10.000000,14
787,45,83.909596,70652,15.572898200,15.575500000,2.601800,1,83.909596,10.000000,14
788,45,79.930957,70652,15.591174853,15.594000000,2.825147,1,79.930957,10.000000,14
789,45,80.285429,70652,15.609581844,15.615500000,5.918156,1,80.285429,10.000000,14
790,45,78.358243,70652,15.627942913,15.630500000,2.557087,1,78.358243,10.000000,14
791,45,81.002042,70652,15.648823370,15.652000000,3.176630,1,81.002042,10.000000,14
792,45,77.398727,70652,15.667670131,15.670500000,2.829869,1,77.398727,10.000000,14
793,45,78.634248,70652,15.687190463,15.690000000,2.809537,1,78.634248,10.000000,14
794,45,75.909683,70652,15.706814475,15.808500000,101.685525,0,1050.257266,10.000000,14
795,45,75.913006,70652,15.727356194,15.808500000,81.143806,0,1050.257266,10.000000,14
796,45,73.290575,70652,15.750257892,15.808500000,58.242108,0,1050.257266,10.000000,14
797,45,75.707497,70652,15.769506911,15.808500000,38.993089,0,1050.257266,10.000000,14
798,45,73.496326,70652,15.788906143,15.808500000,19.593857,0,1050.257266,10.000000,14
799,45,74.124005,70652,15.808172560,15.814000000,5.827440,1,74.124005,10.000000,14
800,45,73.429616,70652,15.828066505,15.831000000,2.933495,1,73.429616,10.000000,14
801,45,73.916107,70652,15.846950143,15.849500000,2.549857,1,73.916107,10.000000,14
802,45,74.048604,70652,15.867536783,15.870500000,2.963217,1,74.048604,10.000000,14
803,45,75.117530,70652,15.886630257,15.889500000,2.869743,1,75.117530,10.000000,14
804,45,71.534101,70652,15.904903182,15.910500000,5.596818,1,71.534101,10.000000,14
805,45,71.723673,70652,15.928058581,15.931000000,2.941419,1,71.723673,10.000000,14
806,45,73.201731,70652,15.947452499,15.951000000,3.547501,1,73.201731,10.000000,14
807,45,71.641055,70652,15.968434129,15.971500000,3.065871,1,71.641055,10.000000,14
808,45,71.438723,70652,15.988569544,15.991500000,2.930456,1,71.438723,10.000000,14
809,45,72.131935,70652,16.009081788,16.015000000,5.918212,1,72.131935,10.000000,14
810,45,72.927932,70652,16.027311956,16.030000000,2.688044,1,72.927932,10.000000,14
811,45,75.100308,70652,16.046698465,16.049500000,2.801535,1,75.100308,10.000000,14
812,45,75.005950,70652,16.065286671,16.068000000,2.713329,1,75.005950,10.000000,14
813,45,74.867508,70652,16.084555804,16.087500000,2.944196,1,74.867508,10.000000,14
814,45,75.215642,70652,16.103728225,16.106500000,2.771775,1,75.215642,10.000000,14
815,45,76.190099,70652,16.123928641,16.127500000,3.571359,1,76.190099,10.000000,14
816,45,72.285165,70652,16.142990245,16.151500000,8.509755,1,72.285165,10.000000,14
817,45,71.081938,70652,16.161527144,16.170500000,8.972856,1,71.081938,10.000000,14
818,45,68.183719,70652,16.180089701,16.183500000,3.410299,1,68.183719,10.000000,14
819,45,68.696645,70652,16.198552062,16.205000000,6.447938,1,68.696645,10.000000,14
820,45,65.796312,70652,16.218715526,16.221500000,2.784474,1,65.796312,10.000000,14
821,45,68.194534,70652,16.238933032,16.241500000,2.566968,1,68.194534,10.000000,14
822,45,69.481320,70652,16.258009188,16.263500000,5.490812,1,69.481320,10.000000,14
823,45,70.393112,70652,16.283255978,16.286000000,2.744022,1,70.393112,10.000000,14
824,45,69.759657,70652,16.303565732,16.312000000,8.434268,1,69.759657,10.000000,14
825,45,71.304247,70652,16.322499979,16.325500000,3.000021,1,71.304247,10.000000,14
826,45,72.923485,70652,16.342185285,16.348000000,5.814715,1,72.923485,10.000000,14
827,45,74.968642,70652,16.363162822,16.366000000,2.837178,1,74.968642,10.000000,14
828,45,73.301850,70652,16.386015345,16.394500000,8.484655,1,73.301850,10.000000,14
829,45,77.123975,70652,16.405557333,16.411500000,5.942667,1,77.123975,10.000000,14
830,45,76.913117,70652,16.424455555,16.427000000,2.544445,1,76.913117,10.000000,14
831,45,78.272906,70652,16.447100774,16.450000000,2.899226,1,78.272906,10.000000,14
832,45,77.748962,70652,16.467991554,16.471500000,3.508446,1,77.748962,10.000000,14
833,45,77.255191,70652,16.489547252,16.492500000,2.952748,1,77.255191,10.000000,14
834,45,76.941746,70652,16.507886136,16.510500000,2.613864,1,76.941746,10.000000,14
835,45,78.076987,70652,16.527304114,16.530500000,3.195886,1,78.076987,10.000000,14
836,45,76.804672,70652,16.545726399,16.548500000,2.773601,1,76.804672,10.000000,14
837,45,77.385470,70652,16.566279116,16.569000000,2.720884,1,77.385470,10.000000,14
838,45,76.949566,70652,16.587111965,16.590000000,2.888035,1,76.949566,10.000000,14
839,45,80.501749,70652,16.605967943,16.612500000,6.532057,1,80.501749,10.000000,14
840,45,82.087475,70652,16.625456694,16.629000000,3.543306,1,82.087475,10.000000,14
841,45,87.319382,70652,16.645876123,16.648500000,2.623877,1,87.319382,10.000000,14
842,45,88.915257,70652,16.664604689,16.667500000,2.895311,1,88.915257,10.000000,14
843,45,89.913517,70652,16.683085972,16.686500000,3.414028,1,89.913517,10.000000,14
844,45,87.779649,70652,16.701450402,16.704000000,2.549598,1,87.779649,10.000000,14
845,45,90.090129,70652,16.719861326,16.722500000,2.638674,1,90.090129,10.000000,14
846,45,87.279149,70652,16.738663246,16.741500000,2.836754,1,87.279149,10.000000,14
847,45,88.349709,70652,16.757168594,16.760500000,3.331406,1,88.349709,10.000000,14
848,45,86.772544,70652,16.778403809,16.781000000,2.596191,1,86.772544,10.000000,14
849,45,88.401675,70652,16.802058717,16.808000000,5.941283,1,88.401675,10.000000,14
850,45,92.286171,70652,16.820758851,16.823500000,2.741149,1,92.286171,10.000000,14
851,45,94.406909,70652,16.841788744,16.845000000,3.211256,1,94.406909,10.000000,14
852,45,93.615120,70652,16.860082739,16.863500000,3.417261,1,93.615120,10.000000,14
853,45,96.956344,70652,16.880091599,16.883500000,3.408401,1,96.956344,10.000000,14
854,45,95.196819,70652,16.900030446,16.906000000,5.969554,1,95.196819,10.000000,14
855,45,98.195795,70652,16.920214224,16.923000000,2.785776,1,98.195795,10.000000,14
856,45,97.219744,70652,16.940914646,16.943500000,2.585354,1,97.219744,10.000000,14
857,45,99.539636,70652,16.963279942,16.966000000,2.720058,1,99.539636,10.000000,14
858,45,98.741418,70652,16.986060917,16.989000000,2.939083,1,98.741418,10.000000,14
859,45,100.566876,70652,17.005485339,17.014500000,9.014661,1,100.566876,10.000000,14
860,45,97.401697,70652,17.025495198,17.028500000,3.004802,1,97.401697,10.000000,14
861,45,98.047983,70652,17.044068585,17.047000000,2.931415,1,98.047983,10.000000,14
862,45,94.024170,70652,17.062686656,17.066500000,3.813344,1,94.024170,10.000000,14
863,45,97.214368,70652,17.083053478,17.086500000,3.446522,1,97.214368,10.000000,14
865,45,97.928696,70652,17.124414491,17.213000000,88.585509,0,1050.257266,10.000000,14
866,45,95.093498,70652,17.143652300,17.213000000,69.347700,0,1050.257266,10.000000,14
867,45,99.758753,70652,17.165211496,17.213000000,47.788504,0,1050.257266,10.000000,14
868,45,95.637484,70652,17.184669267,17.213000000,28.330733,0,1050.257266,10.000000,14
870,45,97.743060,70652,17.225590262,17.305000000,79.409738,0,1050.257266,10.000000,14
871,45,99.223956,70652,17.244929281,17.305000000,60.070719,0,1050.257266,10.000000,14
872,45,96.591104,70652,17.263782768,17.305000000,41.217232,0,1050.257266,10.000000,14
873,45,97.585975,70652,17.283128315,17.305000000,21.871685,0,1050.257266,10.000000,14
874,45,99.127960,70652,17.301350731,17.310000000,8.649269,1,99.127960,10.000000,14
875,45,100.264199,70652,17.321249312,17.325000000,3.750688,1,100.264199,10.000000,14
876,45,97.926427,70652,17.341746182,17.345000000,3.253818,1,97.926427,10.000000,14
877,45,100.082352,70652,17.360533066,17.364000000,3.466934,1,100.082352,10.000000,14
878,45,98.229904,70652,17.381185236,17.385000000,3.814764,1,98.229904,10.000000,14
879,45,99.924691,70652,17.400384274,17.411000000,10.615726,0,1050.257266,10.000000,14
880,45,98.032869,70652,17.418913210,17.424000000,5.086790,1,98.032869,10.000000,14
881,45,99.463099,70652,17.438660009,17.442000000,3.339991,1,99.463099,10.000000,14
882,45,96.307185,70652,17.457178063,17.460500000,3.321937,1,96.307185,10.000000,14
883,45,101.040258,70652,17.475580458,17.479500000,3.919542,1,101.040258,10.000000,14
884,45,97.678909,70652,17.497342966,17.504500000,7.157034,1,97.678909,10.000000,14
885,45,97.081118,70652,17.517709370,17.524000000,6.290630,1,97.081118,10.000000,13
886,45,98.288637,70652,17.537221137,17.549000000,11.778863,0,1050.257266,10.000000,13
887,45,101.845417,70652,17.555722052,17.564000000,8.277948,1,101.845417,10.000000,13
888,45,99.034983,70652,17.576609803,17.583500000,6.890197,1,99.034983,10.000000,13
889,45,98.628966,70652,17.595247376,17.598500000,3.252624,1,98.628966,10.000000,13
890,45,98.329398,70652,17.614093068,17.623000000,8.906932,1,98.329398,10.000000,13
891,45,102.610769,70652,17.632984066,17.636500000,3.515934,1,102.610769,10.000000,13
892,45,99.247333,70652,17.651817225,17.658000000,6.182775,1,99.247333,10.000000,13
893,45,97.716953,70652,17.673025977,17.678000000,4.974023,1,97.716953,10.000000,13
894,45,96.830345,70652,17.694631214,17.698500000,3.868786,1,96.830345,10.000000,13
895,45,99.148895,70652,17.713377987,17.720000000,6.622013,1,99.148895,10.000000,13
896,45,93.552421,70652,17.732354398,17.739500000,7.145602,1,93.552421,10.000000,13
897,45,93.757108,70652,17.751606697,17.760000000,8.393303,1,93.757108,10.000000,13
898,45,92.610176,70652,17.771571773,17.775000000,3.428227,1,92.610176,10.000000,13
899,45,97.742532,70652,17.791172129,17.794500000,3.327871,1,97.742532,10.000000,13
900,45,98.385170,70652,17.812142506,17.829500000,17.357494,0,1050.257266,10.000000,12
901,45,95.757559,70652,17.830807211,17.835500000,4.692789,1,95.757559,10.000000,12
902,45,92.959604,70652,17.849076475,17.855500000,6.423525,1,92.959604,10.000000,12
903,45,95.658956,70652,17.867733404,17.876500000,8.766596,1,95.658956,10.000000,12
904,45,94.778340,70652,17.888279842,17.895500000,7.220158,1,94.778340,10.000000,12
906,45,90.341827,70652,17.928047067,17.975500000,47.452933,0,1050.257266,10.000000,12
907,45,90.578009,70652,17.950661799,17.975500000,24.838201,0,1050.257266,10.000000,12
908,45,89.925017,70652,17.968892404,17.978000000,9.107596,1,89.925017,10.000000,12
909,45,90.967445,70652,17.990923723,17.999500000,8.576277,1,90.967445,10.000000,12
910,45,90.298452,70652,18.009746460,18.019000000,9.253540,1,90.298452,10.000000,12
911,45,93.815802,70652,18.029123131,18.033000000,3.876869,1,93.815802,10.000000,12
912,45,91.972993,70652,18.051015477,18.056500000,5.484523,1,91.972993,10.000000,12
913,45,93.891573,70652,18.069346516,18.075500000,6.153484,1,93.891573,10.000000,12
914,45,92.704703,70652,18.087701993,18.093500000,5.798007,1,92.704703,10.000000,12
916,45,93.719789,70652,18.126889698,18.187500000,60.610302,0,1050.257266,10.000000,13
917,45,94.209290,70652,18.145250541,18.187500000,42.249459,0,1050.257266,10.000000,13
918,45,90.158357,70652,18.163753641,18.187500000,23.746359,0,1050.257266,10.000000,13
919,45,96.603885,70652,18.182960704,18.188000000,5.039296,1,96.603885,10.000000,13
920,45,92.219806,70652,18.202921834,18.215000000,12.078166,0,1050.257266,10.000000,13
921,45,96.103120,70652,18.226154069,18.230000000,3.845931,1,96.103120,10.000000,13
922,45,94.611098,70652,18.245948240,18.252000000,6.051760,1,94.611098,10.000000,13
923,45,98.675237,70652,18.265338360,18.269500000,4.161640,1,98.675237,10.000000,13
924,45,93.723443,70652,18.284799153,18.289500000,4.700847,1,93.723443,10.000000,13
925,45,98.597603,70652,18.304380930,18.315500000,11.119070,0,1050.257266,10.000000,13
926,45,98.508305,70652,18.322882650,18.327000000,4.117350,1,98.508305,10.000000,13
927,45,100.995162,70652,18.341725435,18.348000000,6.274565,1,100.995162,10.000000,13
928,45,100.284642,70652,18.361531590,18.365000000,3.468410,1,100.284642,10.000000,13
929,45,101.484475,70652,18.381073568,18.384500000,3.426432,1,101.484475,10.000000,13
962,45,109.468752,70652,19.032135308,19.118000000,85.864692,0,1050.257266,10.000000,13
963,45,110.799632,70652,19.053513887,19.118000000,64.486113,0,1050.257266,10.000000,13
964,45,108.439105,70652,19.073309335,19.118000000,44.690665,0,1050.257266,10.000000,13
966,45,106.911849,70652,19.114535026,19.219000000,104.464974,0,1050.257266,10.000000,13
967,45,108.770905,70652,19.138583687,19.219000000,80.416313,0,1050.257266,10.000000,13
968,45,104.433628,70652,19.157365356,19.219000000,61.634644,0,1050.257266,10.000000,13
969,45,105.604701,70652,19.176211963,19.219000000,42.788037,0,1050.257266,10.000000,13
971,45,109.310624,70652,19.215745494,19.295500000,79.754506,0,1050.257266,10.000000,13
973,45,111.771692,70652,19.254640548,19.337000000,82.359452,0,1050.257266,10.000000,12
974,45,107.594803,70652,19.273158092,19.337000000,63.841908,0,1050.257266,10.000000,12
975,45,111.314411,70652,19.292415832,19.337000000,44.584168,0,1050.257266,10.000000,12
996,45,123.492206,70652,19.717462829,19.806500000,89.037171,0,1050.257266,10.000000,13
997,45,125.361852,70652,19.736546692,19.806500000,69.953308,0,1050.257266,10.000000,13
998,45,119.606116,70652,19.755072244,19.806500000,51.427756,0,1050.257266,10.000000,13
999,45,125.630447,70652,19.779514112,19.806500000,26.985888,0,1050.257266,10.000000,13
1000,45,117.810464,70652,19.801274970,19.810000000,8.725030,1,117.810464,10.000000,13
15,0,0,0,0,0,-1,0,1050.257266,10.000000,0
192,0,0,0,0,0,-1,0,1050.257266,10.000000,0
293,0,0,0,0,0,-1,0,1050.257266,10.000000,0
298,0,0,0,0,0,-1,0,1050.257266,10.000000,0
300,0,0,0,0,0,-1,0,1050.257266,10.000000,0
301,0,0,0,0,0,-1,0,1050.257266,10.000000,0
307,0,0,0,0,0,-1,0,1050.257266,10.000000,0
369,0,0,0,0,0,-1,0,1050.257266,10.000000,0
434,0,0,0,0,0,-1,0,1050.257266,10.000000,0
632,0,0,0,0,0,-1,0,1050.257266,10.000000,0
723,0,0,0,0,0,-1,0,1050.257266,10.000000,0
869,0,0,0,0,0,-1,0,1050.257266,10.000000,0
931,0,0,0,0,0,-1,0,1050.257266,10.000000,0
932,0,0,0,0,0,-1,0,1050.257266,10.000000,0
933,0,0,0,0,0,-1,0,1050.257266,10.000000,0
935,0,0,0,0,0,-1,0,1050.257266,10.000000,0
936,0,0,0,0,0,-1,0,1050.257266,10.000000,0
937,0,0,0,0,0,-1,0,1050.257266,10.000000,0
938,0,0,0,0,0,-1,0,1050.257266,10.000000,0
939,0,0,0,0,0,-1,0,1050.257266,10.000000,0
941,0,0,0,0,0,-1,0,1050.257266,10.000000,0
942,0,0,0,0,0,-1,0,1050.257266,10.000000,0
943,0,0,0,0,0,-1,0,1050.257266,10.000000,0
946,0,0,0,0,0,-1,0,1050.257266,10.000000,0
947,0,0,0,0,0,-1,0,1050.257266,10.000000,0
948,0,0,0,0,0,-1,0,1050.257266,10.000000,0
949,0,0,0,0,0,-1,0,1050.257266,10.000000,0
950,0,0,0,0,0,-1,0,1050.257266,10.000000,0
951,0,0,0,0,0,-1,0,1050.257266,10.000000,0
954,0,0,0,0,0,-1,0,1050.257266,10.000000,0
956,0,0,0,0,0,-1,0,1050.257266,10.000000,0
958,0,0,0,0,0,-1,0,1050.257266,10.000000,0
972,0,0,0,0,0,-1,0,1050.257266,10.000000,0
976,0,0,0,0,0,-1,0,1050.257266,10.000000,0
977,0,0,0,0,0,-1,0,1050.257266,10.000000,0
978,0,0,0,0,0,-1,0,1050.257266,10.000000,0
982,0,0,0,0,0,-1,0,1050.257266,10.000000,0
983,0,0,0,0,0,-1,0,1050.257266,10.000000,0
984,0,0,0,0,0,-1,0,1050.257266,10.000000,0
988,0,0,0,0,0,-1,0,1050.257266,10.000000,0
990,0,0,0,0,0,-1,0,1050.257266,10.000000,0
995,0,0,0,0,0,-1,0,1050.257266,10.000000,0
